Date,Open,Close,crecimiento,%
2016-02-01,4587.589844,4620.370117,32.78027300000031,0.7094728813908201
2016-02-02,4588.689941,4516.950195,-71.73974599999929,-1.588234160283879
2016-02-03,4543.819824,4504.240234,-39.57959000000028,-0.8787184506997653
2016-02-04,4492.47998,4509.560059,17.080079000000296,0.37875266714571315
2016-02-05,4491.47998,4363.140137,-128.33984299999975,-2.941455900342532
2016-02-08,4288.02002,4283.75,-4.270019999999931,-0.0996794864312794
2016-02-09,4224.870117,4268.759766,43.889648999999736,1.028159264186612
2016-02-10,4318.279785,4283.589844,-34.689940999999635,-0.8098333935633365
2016-02-11,4218.810059,4266.839844,48.02978499999972,1.1256523974655122
2016-02-12,4307.290039,4337.509766,30.219726999999693,0.6967068348036936
2016-02-16,4397.950195,4435.959961,38.00976599999922,0.856855479629502
2016-02-17,4471.660156,4534.060059,62.39990300000045,1.3762478261869986
2016-02-18,4548.100098,4487.540039,-60.560058999999455,-1.3495157363207528
2016-02-19,4464.669922,4504.430176,39.760253999999804,0.8826922040405007
2016-02-22,4548.310059,4570.609863,22.299803999999313,0.48789559092585616
2016-02-23,4550.049805,4503.580078,-46.46972699999969,-1.031839696311928
2016-02-24,4453.930176,4542.609863,88.67968699999983,1.9521748438558313
2016-02-25,4554.72998,4582.200195,27.47021500000028,0.599498359542981
2016-02-26,4615.140137,4590.470215,-24.669922000000042,-0.5374160128386769
2016-02-29,4585.299805,4557.950195,-27.349609999999302,-0.6000418791324529
2016-03-01,4596.009766,4689.600098,93.59033199999976,1.9956996341737914
2016-03-02,4683.799805,4703.419922,19.62011700000039,0.4171457646855711
2016-03-03,4698.379883,4707.419922,9.040039000000434,0.19203808348926033
2016-03-04,4715.759766,4717.02002,1.2602539999998044,0.02671716453727929
2016-03-07,4690.879883,4708.25,17.37011700000039,0.3689293686614005
2016-03-08,4676.220215,4648.819824,-27.400391000000127,-0.5894053122588845
2016-03-09,4666.419922,4674.379883,7.959960999999566,0.17028913351584282
2016-03-10,4691.200195,4662.160156,-29.040039000000434,-0.6228880610767339
2016-03-11,4712.379883,4748.470215,36.09033200000067,0.7600412420403203
2016-03-14,4733.390137,4750.279785,16.889647999999397,0.35555059416356877
2016-03-15,4731.140137,4728.669922,-2.4702150000002803,-0.05223910826398934
2016-03-16,4717.879883,4763.970215,46.09033200000067,0.9674773333989173
2016-03-17,4752.620117,4774.990234,22.370116999999482,0.4684850838168119
2016-03-18,4784.629883,4795.649902,11.020019000000502,0.22979198284271465
2016-03-21,4787.310059,4808.870117,21.560058000000026,0.44833937027707055
2016-03-22,4783.600098,4821.660156,38.060058000000026,0.7893558809332233
2016-03-23,4813.870117,4768.859863,-45.010254000000714,-0.9438367931341478
2016-03-24,4743.359863,4773.5,30.140137000000323,0.6314054048392232
2016-03-28,4785.25,4766.790039,-18.459960999999566,-0.38726188585961263
2016-03-29,4756.549805,4846.620117,90.07031200000074,1.858414932997744
2016-03-30,4875.459961,4869.290039,-6.169921999999133,-0.1267109157717424
2016-03-31,4869.569824,4869.850098,0.2802739999997357,0.005755290088186523
2016-04-01,4842.549805,4914.540039,71.99023400000078,1.4648417436568324
2016-04-04,4911.209961,4891.799805,-19.410155999999915,-0.39678966379941455
2016-04-05,4855.899902,4843.930176,-11.969726000000264,-0.24710773205002254
2016-04-06,4849.580078,4920.720215,71.14013700000032,1.445726111050602
2016-04-07,4893.569824,4848.370117,-45.19970699999976,-0.9322660174295385
2016-04-08,4883.990234,4850.689941,-33.30029300000024,-0.6865063198233441
2016-04-11,4873.390137,4833.399902,-39.99023500000021,-0.8273727771511883
2016-04-12,4838.819824,4872.089844,33.27001999999993,0.682869591187283
2016-04-13,4904.790039,4947.419922,42.62988299999961,0.8616588782050753
2016-04-14,4947.620117,4945.890137,-1.7299800000000687,-0.03497813239032868
2016-04-15,4938.830078,4938.220215,-0.6098629999996774,-0.012349854268288791
2016-04-18,4919.359863,4960.02002,40.660157000000254,0.8197579210577511
2016-04-19,4968.299805,4940.330078,-27.969726999999693,-0.5661509769266817
2016-04-20,4941.990234,4948.129883,6.139648999999736,0.12408019080286006
2016-04-21,4949.120117,4945.890137,-3.2299800000000687,-0.06530634345952656
2016-04-22,4898.240234,4906.22998,7.989746000000196,0.16284899062151578
2016-04-25,4891.47998,4895.790039,4.310059000000365,0.08803602617077763
2016-04-26,4903.810059,4888.279785,-15.530274000000645,-0.31770427805004714
2016-04-27,4855.379883,4863.140137,7.760254000000714,0.1595729051885373
2016-04-28,4857.600098,4805.290039,-52.310058999999455,-1.0885931666028088
2016-04-29,4805.790039,4775.359863,-30.430176000000756,-0.6372331483492379
2016-05-02,4786.549805,4817.589844,31.040039000000434,0.6443063856641681
2016-05-03,4780.879883,4763.220215,-17.65966799999933,-0.3707506099421298
2016-05-04,4735.279785,4725.640137,-9.639647999999397,-0.20398607851081482
2016-05-05,4742.419922,4717.089844,-25.330077999999958,-0.536985277738966
2016-05-06,4695.899902,4736.160156,40.260253999999804,0.8500610763552018
2016-05-09,4736.350098,4750.209961,13.859862999999677,0.2917736924007869
2016-05-10,4768.910156,4809.879883,40.96972699999969,0.8517827471077347
2016-05-11,4799.299805,4760.689941,-38.609864000000016,-0.8110140437310202
2016-05-12,4778.189941,4737.330078,-40.85986299999968,-0.8625082552248469
2016-05-13,4731.069824,4717.680176,-13.389648000000307,-0.2838184764646985
2016-05-16,4728.859863,4775.459961,46.60009799999989,0.9758242845835032
2016-05-17,4768.850098,4715.72998,-53.12011799999982,-1.1264452847234443
2016-05-18,4705.779785,4739.120117,33.34033200000067,0.7035131243119042
2016-05-19,4717.359863,4712.529785,-4.830077999999958,-0.10249437606472249
2016-05-20,4729.439941,4769.560059,40.12011800000073,0.8411702023606016
2016-05-23,4771.569824,4765.779785,-5.790039000000434,-0.1214919543329347
2016-05-24,4792.850098,4861.060059,68.20996100000048,1.403191077092604
2016-05-25,4877.180176,4894.890137,17.709961000000476,0.3618050764026877
2016-05-26,4897.779785,4901.77002,3.9902350000002116,0.0814039619100737
2016-05-27,4904.049805,4933.5,29.45019500000035,0.5969432451606436
2016-05-31,4938.47998,4948.049805,9.569824999999582,0.19340599583959894
2016-06-01,4928.970215,4952.25,23.27978499999972,0.4700850118632888
2016-06-02,4941.25,4971.359863,30.109862999999677,0.6056665345049007
2016-06-03,4958.100098,4942.52002,-15.580077999999958,-0.31522538982047377
2016-06-06,4950.459961,4968.709961,18.25,0.3672985572361124
2016-06-07,4972.129883,4961.75,-10.379882999999609,-0.20919802489040376
2016-06-08,4970.009766,4974.640137,4.630371000000196,0.09307951675862489
2016-06-09,4954.149902,4958.620117,4.47021500000028,0.09015038245568995
2016-06-10,4915.149902,4894.549805,-20.60009700000046,-0.42087827932523125
2016-06-13,4868.509766,4848.439941,-20.069825000000492,-0.4139439746439564
2016-06-14,4836.669922,4843.549805,6.879882999999609,0.14204216487869084
2016-06-15,4855.080078,4834.930176,-20.14990200000011,-0.41675683549726844
2016-06-16,4809.689941,4844.919922,35.22998100000041,0.7271530090730034
2016-06-17,4835.02002,4800.339844,-34.68017599999985,-0.7224525164264567
2016-06-20,4856.689941,4837.209961,-19.47998000000007,-0.402711070163532
2016-06-21,4845.080078,4843.759766,-1.3203119999998307,-0.027257999235790975
2016-06-22,4846.680176,4833.319824,-13.360351999999693,-0.27642184847066087
2016-06-23,4872.189941,4910.040039,37.8500980000008,0.7708714735391345
2016-06-24,4715.790039,4707.97998,-7.810059000000365,-0.1658898090726453
2016-06-27,4664.430176,4594.439941,-69.99023500000021,-1.523368155831558
2016-06-28,4643.930176,4691.870117,47.939941000000545,1.0217661573004821
2016-06-29,4732.930176,4779.25,46.31982400000015,0.969186043835333
2016-06-30,4793.75,4842.669922,48.91992200000004,1.0101849349211136
2016-07-01,4837.180176,4862.569824,25.389648000000307,0.5221446461228297
2016-07-05,4837.060059,4822.899902,-14.160157000000254,-0.29360254800495034
2016-07-06,4799.319824,4859.160156,59.84033199999976,1.231495362961232
2016-07-07,4867.470215,4876.810059,9.339844000000085,0.19151543502834797
2016-07-08,4906.660156,4956.759766,50.09961000000021,1.0107330668645564
2016-07-11,4976.540039,4988.640137,12.100097999999889,0.2425530338469449
2016-07-12,5017.990234,5022.819824,4.82959000000028,0.09615296126935649
2016-07-13,5036.319824,5005.72998,-30.589844000000085,-0.611096565780004
2016-07-14,5041.950195,5034.060059,-7.890135999999984,-0.15673503906441938
2016-07-15,5041.189941,5029.589844,-11.60009699999955,-0.2306370372096598
2016-07-18,5034.990234,5055.779785,20.789550999999847,0.4112036497649758
2016-07-19,5038.220215,5036.370117,-1.850097999999889,-0.03673475056479628
2016-07-20,5061.600098,5089.930176,28.330077999999958,0.5565907000764319
2016-07-21,5093.970215,5073.899902,-20.07031300000017,-0.3955598925412181
2016-07-22,5078.120117,5100.160156,22.040038999999524,0.43214405677184237
2016-07-25,5096.990234,5097.629883,0.6396489999997357,0.012547968657608714
2016-07-26,5095.609863,5110.049805,14.439941999999974,0.2825792810447955
2016-07-27,5143.839844,5139.810059,-4.02978499999972,-0.07840338366090815
2016-07-28,5144.819824,5154.97998,10.160155999999915,0.1970939953097532
2016-07-29,5162.149902,5162.129883,-0.020019000000502274,-0.00038780504276789184
2016-08-01,5167.419922,5184.200195,16.780273000000307,0.32368103793878095
2016-08-02,5177.529785,5137.72998,-39.79980499999965,-0.7746573906166951
2016-08-03,5133.240234,5159.740234,26.5,0.5135917468359901
2016-08-04,5158.02002,5166.25,8.229980000000069,0.1593027824824596
2016-08-05,5190.709961,5221.120117,30.410156000000825,0.582445056205184
2016-08-08,5223.540039,5213.140137,-10.399902000000111,-0.19949400412598406
2016-08-09,5216.209961,5225.47998,9.270019000000502,0.1774003351937156
2016-08-10,5227.950195,5204.580078,-23.37011700000039,-0.44902982853096934
2016-08-11,5222.149902,5228.399902,6.25,0.11953944069215537
2016-08-12,5219.660156,5232.890137,13.229981000000407,0.2528235956351477
2016-08-15,5242.180176,5262.02002,19.839844000000085,0.37703855030183037
2016-08-16,5247.959961,5227.109863,-20.85009799999989,-0.3988838678824587
2016-08-17,5228.439941,5228.660156,0.22021500000028027,0.004211690823844782
2016-08-18,5226.450195,5240.149902,13.699706999999762,0.2614373110733152
2016-08-19,5229.870117,5238.379883,8.509765999999217,0.16245034132816094
2016-08-22,5231.459961,5244.600098,13.140137000000323,0.2505460236141025
2016-08-23,5265.779785,5260.080078,-5.699706999999762,-0.10835779903500857
2016-08-24,5254.419922,5217.689941,-36.72998100000041,-0.7039510092652401
2016-08-25,5207.609863,5212.200195,4.5903320000006715,0.08806898868550983
2016-08-26,5219.049805,5218.919922,-0.12988299999960873,-0.002488695016225404
2016-08-29,5223.799805,5232.330078,8.530273000000307,0.16303010079327618
2016-08-30,5229.879883,5222.990234,-6.889648999999736,-0.13191004944160759
2016-08-31,5216.419922,5213.220215,-3.199706999999762,-0.061376785710936285
2016-09-01,5218.279785,5227.209961,8.930175999999847,0.170840200922242
2016-09-02,5249.660156,5249.899902,0.23974600000019564,0.004566677545773055
2016-09-06,5260.0,5275.910156,15.910155999999915,0.3015622997655898
2016-09-07,5274.22998,5283.930176,9.700195999999778,0.183579185888163
2016-09-08,5269.959961,5259.47998,-10.479980999999498,-0.19925888186382065
2016-09-09,5217.950195,5125.910156,-92.04003900000043,-1.7955843196405887
2016-09-12,5098.029785,5211.890137,113.8603520000006,2.1846268629434196
2016-09-13,5181.140137,5155.25,-25.890137000000323,-0.5022091460162034
2016-09-14,5160.209961,5173.77002,13.560059000000365,0.2620924190209824
2016-09-15,5178.100098,5249.689941,71.58984299999975,1.3636965955052724
2016-09-16,5238.709961,5244.569824,5.859863000000587,0.11173200465717714
2016-09-19,5263.549805,5235.029785,-28.52001999999993,-0.5447919337864843
2016-09-20,5256.189941,5241.350098,-14.839842999999746,-0.28313016155250437
2016-09-21,5263.649902,5295.180176,31.530273999999736,0.5954523349915135
2016-09-22,5323.259766,5339.52002,16.260253999999804,0.3045265106057193
2016-09-23,5327.430176,5305.75,-21.680175999999847,-0.4086166140507911
2016-09-26,5275.72998,5257.490234,-18.239746000000196,-0.3469287661638326
2016-09-27,5254.180176,5305.709961,51.52978499999972,0.9712137560999958
2016-09-28,5312.72998,5318.549805,5.819824999999582,0.1094250352704854
2016-09-29,5311.310059,5269.149902,-42.160157000000254,-0.8001320475623138
2016-09-30,5288.870117,5312.0,23.12988299999961,0.4354270143072215
2016-10-03,5300.290039,5300.870117,0.5800779999999577,0.010943071367465418
2016-10-04,5313.490234,5289.660156,-23.830077999999958,-0.4505030058116262
2016-10-05,5305.279785,5316.02002,10.740235000000212,0.2020352624631427
2016-10-06,5306.589844,5306.850098,0.26025399999980436,0.0049041144029654555
2016-10-07,5314.919922,5292.399902,-22.52001999999993,-0.4255162198058693
2016-10-10,5318.459961,5328.669922,10.209961000000476,0.19160430556690194
2016-10-11,5321.819824,5246.790039,-75.02978499999972,-1.4300131021499736
2016-10-12,5247.910156,5239.02002,-8.890135999999984,-0.1696908193910659
2016-10-13,5200.299805,5213.330078,13.030273000000307,0.24994145402355064
2016-10-14,5241.259766,5214.160156,-27.09961000000021,-0.5197310628983336
2016-10-17,5213.689941,5199.819824,-13.870116999999482,-0.2667422616449389
2016-10-18,5255.319824,5243.839844,-11.479980000000069,-0.21892316206291956
2016-10-19,5240.330078,5246.410156,6.080077999999958,0.11589025293888894
2016-10-20,5238.200195,5241.830078,3.6298829999996087,0.06924839122951075
2016-10-21,5238.649902,5257.399902,18.75,0.3566401709877005
2016-10-24,5290.310059,5309.830078,19.520018999999593,0.3676204080593103
2016-10-25,5306.470215,5283.399902,-23.07031300000017,-0.4366565739471479
2016-10-26,5256.399902,5250.27002,-6.12988200000018,-0.11675365222454177
2016-10-27,5272.189941,5215.970215,-56.219725999999355,-1.0778383250411132
2016-10-28,5203.700195,5190.100098,-13.60009700000046,-0.26203920431594846
2016-10-31,5205.089844,5189.140137,-15.949706999999762,-0.30736705078118726
2016-11-01,5199.77002,5153.580078,-46.189941999999974,-0.8962690265972418
2016-11-02,5147.279785,5105.569824,-41.709960999999566,-0.8169501630147438
2016-11-03,5104.700195,5058.410156,-46.290039000000434,-0.915110431389076
2016-11-04,5034.410156,5046.370117,11.959961000000476,0.23700126472511915
2016-11-07,5128.990234,5166.169922,37.17968800000017,0.7196760571438318
2016-11-08,5154.990234,5193.490234,38.5,0.7413126484373399
2016-11-09,5143.859863,5251.069824,107.20996100000048,2.0416784501702425
2016-11-10,5283.47998,5208.799805,-74.68017500000042,-1.4337309513856509
2016-11-11,5191.819824,5237.109863,45.290038999999524,0.8647906991597042
2016-11-14,5246.330078,5218.399902,-27.930175999999847,-0.5352249065713678
2016-11-15,5241.350098,5275.620117,34.2700190000005,0.6495922420488507
2016-11-16,5253.740234,5294.580078,40.839844000000085,0.7713518994584198
2016-11-17,5295.069824,5333.970215,38.90039100000013,0.7292952422307466
2016-11-18,5340.970215,5321.509766,-19.460449000000153,-0.36569413297587383
2016-11-21,5336.779785,5368.859863,32.08007799999996,0.5975212394922583
2016-11-22,5384.75,5386.350098,1.600097999999889,0.029706535425426946
2016-11-23,5366.549805,5380.680176,14.130371000000196,0.2626130997903823
2016-11-25,5388.490234,5398.919922,10.42968800000017,0.19318100936263838
2016-11-28,5387.919922,5368.810059,-19.109862999999677,-0.35594224399808805
2016-11-29,5370.97998,5379.919922,8.939941999999974,0.1661723990247893
2016-11-30,5391.350098,5323.680176,-67.66992200000004,-1.2711117077443317
2016-12-01,5323.879883,5251.109863,-72.77001999999993,-1.3858026569344306
2016-12-02,5249.02002,5255.649902,6.62988200000018,0.12614771005727046
2016-12-05,5283.580078,5308.890137,25.310059000000365,0.4767485923960525
2016-12-06,5317.740234,5333.0,15.259766000000127,0.2861384961560121
2016-12-07,5322.669922,5393.759766,71.08984400000008,1.3180016738624634
2016-12-08,5394.149902,5417.359863,23.209960999999566,0.42843675862335023
2016-12-09,5436.109863,5444.5,8.390137000000323,0.15410298466342773
2016-12-12,5428.220215,5412.540039,-15.680175999999847,-0.289700877721301
2016-12-13,5433.569824,5463.830078,30.260253999999804,0.5538286068200052
2016-12-14,5465.689941,5436.669922,-29.020018999999593,-0.5337829851057784
2016-12-15,5443.509766,5456.850098,13.340331999999762,0.24446946059392674
2016-12-16,5467.819824,5437.160156,-30.659668000000238,-0.563891206444724
2016-12-19,5441.200195,5457.439941,16.239745999999286,0.2975707689972962
2016-12-20,5473.529785,5483.939941,10.410155999999915,0.18982986888987732
2016-12-21,5482.629883,5471.430176,-11.199706999999762,-0.20469432378258978
2016-12-22,5472.009766,5447.419922,-24.589844000000085,-0.45140349655607265
2016-12-23,5441.759766,5462.689941,20.930174999999508,0.38314777565735375
2016-12-27,5470.759766,5487.439941,16.680174999999508,0.3039700694557362
2016-12-28,5497.439941,5438.560059,-58.87988199999927,-1.082637340789533
2016-12-29,5437.509766,5432.089844,-5.419922000000042,-0.09977600068575085
2016-12-30,5440.169922,5383.120117,-57.04980499999965,-1.059790674553875
2017-01-03,5425.620117,5429.080078,3.4599609999995664,0.06373015225949973
2017-01-04,5440.910156,5477.0,36.089844000000085,0.6589345262004762
2017-01-05,5474.390137,5487.939941,13.549803999999313,0.24690146294732043
2017-01-06,5499.080078,5521.060059,21.979981000000407,0.3981116083707577
2017-01-09,5527.580078,5531.819824,4.239746000000196,0.07664287946628168
2017-01-10,5536.540039,5551.819824,15.27978499999972,0.27522119745216933
2017-01-11,5550.720215,5563.649902,12.92968699999983,0.23239576946335022
2017-01-12,5542.560059,5547.490234,4.930174999999508,0.08887217087437073
2017-01-13,5557.569824,5574.120117,16.550293000000238,0.2969131029222892
2017-01-17,5555.160156,5538.72998,-16.430175999999847,-0.29664157775028144
2017-01-18,5546.939941,5555.649902,8.709961000000476,0.15677663556274385
2017-01-19,5560.609863,5540.080078,-20.52978499999972,-0.37056838007675674
2017-01-20,5556.870117,5555.330078,-1.5400390000004336,-0.027721827116974303
2017-01-23,5546.640137,5552.939941,6.2998039999993125,0.11344988541087686
2017-01-24,5568.27002,5600.959961,32.689940999999635,0.5836488963967374
2017-01-25,5635.859863,5656.339844,20.479981000000407,0.36207126100679193
2017-01-26,5666.279785,5655.180176,-11.099608999999873,-0.19627330437862026
2017-01-27,5664.879883,5660.779785,-4.100097999999889,-0.0724299152364905
2017-01-30,5635.859863,5613.709961,-22.14990200000011,-0.3945679800681123
2017-01-31,5592.870117,5614.790039,21.919922000000042,0.3903961118358043
2017-02-01,5654.509766,5642.649902,-11.859864000000016,-0.21018252427456763
2017-02-02,5627.149902,5636.200195,9.050293000000238,0.16057437079734954
2017-02-03,5650.72998,5666.77002,16.040039999999863,0.2830543668331164
2017-02-06,5656.950195,5663.549805,6.599609999999302,0.11652780018236818
2017-02-07,5674.859863,5674.220215,-0.6396479999993971,-0.011272879369546941
2017-02-08,5662.950195,5682.450195,19.5,0.3431618286273427
2017-02-09,5688.02002,5715.180176,27.160155999999915,0.47522834212742265
2017-02-10,5726.169922,5734.129883,7.959960999999566,0.1388172427624721
2017-02-13,5753.189941,5763.959961,10.770019999999931,0.18685105505367566
2017-02-14,5756.509766,5782.569824,26.060058000000026,0.45066568659214906
2017-02-15,5777.899902,5819.439941,41.540038999999524,0.7138150650432071
2017-02-16,5823.009766,5814.899902,-8.109864000000016,-0.1394669579301043
2017-02-17,5807.310059,5838.580078,31.270018999999593,0.535575749278943
2017-02-21,5850.200195,5865.950195,15.75,0.2684986997234469
2017-02-22,5857.560059,5860.629883,3.069823999999244,0.05238044478638584
2017-02-23,5866.819824,5835.509766,-31.310058000000026,-0.5365436655153055
2017-02-24,5802.330078,5845.310059,42.97998100000041,0.735290011413925
2017-02-27,5835.040039,5861.899902,26.859862999999677,0.4582108778560934
2017-02-28,5852.790039,5825.439941,-27.3500980000008,-0.46949412022100184
2017-03-01,5874.859863,5904.029785,29.169922000000042,0.494068002063781
2017-03-02,5897.009766,5861.220215,-35.78955099999985,-0.6106160438812287
2017-03-03,5854.27002,5870.75,16.47998000000007,0.28071336711663875
2017-03-06,5846.419922,5849.180176,2.7602539999998044,0.047190442368752986
2017-03-07,5836.120117,5833.930176,-2.1899410000005446,-0.03753800498006757
2017-03-08,5838.439941,5837.549805,-0.890135999999984,-0.015248452342754515
2017-03-09,5834.669922,5838.810059,4.140137000000323,0.07090720469008362
2017-03-10,5867.160156,5861.72998,-5.430175999999847,-0.0926377710765832
2017-03-13,5863.47998,5875.779785,12.299804999999651,0.20933059866197234
2017-03-14,5860.069824,5856.819824,-3.25,-0.05549086531025237
2017-03-15,5869.97998,5900.049805,30.069824999999582,0.5096537485923746
2017-03-16,5907.859863,5900.759766,-7.1000969999995505,-0.1203251323822755
2017-03-17,5898.580078,5901.0,2.4199220000000423,0.04100867649550995
2017-03-20,5898.810059,5901.529785,2.719725999999355,0.04608510164452817
2017-03-21,5923.419922,5793.830078,-129.58984400000008,-2.2366869972951267
2017-03-22,5790.589844,5821.640137,31.050293000000238,0.5333598825983262
2017-03-23,5812.310059,5817.689941,5.37988199999927,0.09247453980117966
2017-03-24,5839.330078,5828.740234,-10.589844000000085,-0.18168323814171344
2017-03-27,5776.330078,5840.370117,64.04003900000043,1.096506517859105
2017-03-28,5836.5,5875.140137,38.64013700000032,0.6576887716542363
2017-03-29,5875.350098,5897.549805,22.199706999999762,0.37642254383640195
2017-03-30,5896.149902,5914.339844,18.189941999999974,0.30755659092626153
2017-03-31,5905.629883,5911.740234,6.110351000000264,0.10335959900365718
2017-04-03,5917.319824,5894.680176,-22.639648000000307,-0.3840691491995936
2017-04-04,5878.759766,5898.609863,19.85009699999955,0.3365216120583351
2017-04-05,5911.919922,5864.47998,-47.439941999999974,-0.8089368905987803
2017-04-06,5870.52002,5878.950195,8.430175000000418,0.14339592478892257
2017-04-07,5873.939941,5877.810059,3.87011800000073,0.06584285577712523
2017-04-10,5883.430176,5880.930176,-2.5,-0.04251028196529977
2017-04-11,5871.160156,5866.77002,-4.390135999999984,-0.07483054534324467
2017-04-12,5863.589844,5836.160156,-27.42968800000017,-0.46999546391475294
2017-04-13,5828.370117,5805.149902,-23.22021500000028,-0.39999337471027946
2017-04-17,5821.549805,5856.790039,35.24023400000078,0.6016987763832792
2017-04-18,5838.589844,5849.470215,10.880371000000196,0.1860060928611839
2017-04-19,5874.430176,5863.029785,-11.400391000000127,-0.194445387761238
2017-04-20,5887.870117,5916.779785,28.90966799999933,0.4886047656072995
2017-04-21,5919.02002,5910.52002,-8.5,-0.14381137313193637
2017-04-24,5979.959961,5983.819824,3.859863000000587,0.0645050003765051
2017-04-25,6004.160156,6025.490234,21.330077999999958,0.35399738729374824
2017-04-26,6028.120117,6025.22998,-2.8901370000003226,-0.04796724788255008
2017-04-27,6038.470215,6048.939941,10.469725999999355,0.17308364940169202
2017-04-28,6072.870117,6047.609863,-25.260254000000714,-0.41768987372260846
2017-05-01,6067.560059,6091.600098,24.040038999999524,0.3946424357024417
2017-05-02,6102.509766,6095.370117,-7.139648999999736,-0.11713232934103934
2017-05-03,6075.040039,6072.549805,-2.4902340000007825,-0.041008045713357186
2017-05-04,6075.060059,6075.339844,0.27978499999971973,0.0046052567787797935
2017-05-05,6091.689941,6100.759766,9.069825000000492,0.14866713897746506
2017-05-08,6100.660156,6102.660156,2.0,0.032772593408034435
2017-05-09,6111.819824,6120.589844,8.770019999999931,0.14328717041213213
2017-05-10,6121.640137,6129.140137,7.5,0.12236626724725187
2017-05-11,6110.049805,6115.959961,5.910155999999915,0.09663496879782657
2017-05-12,6119.27002,6121.22998,1.9599600000001374,0.032019055098467926
2017-05-15,6128.109863,6149.669922,21.560059000000365,0.3505888815734778
2017-05-16,6160.52002,6169.870117,9.35009700000046,0.1515444705106174
2017-05-17,6108.620117,6011.240234,-97.37988300000052,-1.6199632556558463
2017-05-18,5998.459961,6055.129883,56.66992200000004,0.9358993629369197
2017-05-19,6070.22998,6083.700195,13.47021500000028,0.2214148391314717
2017-05-22,6098.25,6133.620117,35.37011700000039,0.5766597266428065
2017-05-23,6149.549805,6138.709961,-10.839844000000085,-0.17658179110704014
2017-05-24,6154.180176,6163.02002,8.839844000000085,0.1434336408337691
2017-05-25,6183.02002,6205.259766,22.239746000000196,0.3584015309376203
2017-05-26,6207.040039,6210.189941,3.1499019999992015,0.0507215081974125
2017-05-30,6204.180176,6203.189941,-0.9902350000002116,-0.015963319024865752
2017-05-31,6221.629883,6198.52002,-23.109862999999677,-0.37282872242783655
2017-06-01,6215.910156,6246.830078,30.919922000000042,0.49496979450254935
2017-06-02,6261.589844,6305.799805,44.209960999999566,0.7010999772771818
2017-06-05,6305.470215,6295.680176,-9.790039000000434,-0.15550407146349987
2017-06-06,6281.879883,6275.060059,-6.819823999999244,-0.10868141397655495
2017-06-07,6290.439941,6297.379883,6.939941999999974,0.11020364229152815
2017-06-08,6311.72998,6321.759766,10.029786000000058,0.158654969047428
2017-06-09,6330.25,6207.919922,-122.33007799999996,-1.9705485820859137
2017-06-12,6153.560059,6175.459961,21.8999019999992,0.35462786801799495
2017-06-13,6206.120117,6220.370117,14.25,0.22908604684237954
2017-06-14,6237.459961,6194.890137,-42.569823999999244,-0.6871764157001585
2017-06-15,6127.049805,6165.5,38.45019500000035,0.6236346606114727
2017-06-16,6154.279785,6151.759766,-2.520018999999593,-0.040964197170497776
2017-06-19,6196.850098,6239.009766,42.15966800000024,0.6757429396849615
2017-06-20,6229.620117,6188.029785,-41.59033200000067,-0.6721094345863863
2017-06-21,6202.75,6233.950195,31.20019500000035,0.5004883584893695
2017-06-22,6239.149902,6236.689941,-2.459961000000476,-0.0394433749837184
2017-06-23,6234.350098,6265.25,30.89990200000011,0.49319503611188875
2017-06-26,6292.72998,6247.149902,-45.58007799999996,-0.7296139634076602
2017-06-27,6227.899902,6146.620117,-81.27978499999972,-1.3223492497153084
2017-06-28,6173.100098,6234.410156,61.310058000000026,0.9834139311638839
2017-06-29,6215.490234,6144.350098,-71.14013599999998,-1.1578138430483684
2017-06-30,6166.839844,6140.419922,-26.419922000000042,-0.43026246308240745
2017-07-03,6173.290039,6110.060059,-63.22998000000007,-1.0348503842750862
2017-07-05,6122.060059,6150.859863,28.799803999999313,0.46822403113493455
2017-07-06,6109.600098,6089.459961,-20.140137000000323,-0.3307376537326464
2017-07-07,6111.209961,6153.080078,41.87011700000039,0.6804741116518976
2017-07-10,6156.029785,6176.390137,20.360352000000603,0.32964808809648877
2017-07-11,6171.25,6193.299805,22.04980499999965,0.35602676592853316
2017-07-12,6238.899902,6261.169922,22.27001999999993,0.3556846448416822
2017-07-13,6269.100098,6274.439941,5.339842999999746,0.0851046954024824
2017-07-14,6289.080078,6312.470215,23.390137000000323,0.37053857211744995
2017-07-17,6320.350098,6314.430176,-5.919922000000042,-0.09375227589815767
2017-07-18,6304.819824,6344.310059,39.49023500000021,0.6224512142810485
2017-07-19,6363.240234,6385.040039,21.79980500000056,0.34142002034203
2017-07-20,6396.459961,6390.0,-6.459960999999566,-0.10109485133019666
2017-07-21,6383.049805,6387.75,4.700195000000349,0.07358138624711907
2017-07-24,6387.819824,6410.810059,22.99023500000021,0.3586166925617256
2017-07-25,6407.589844,6412.169922,4.580077999999958,0.07142789501391442
2017-07-26,6425.930176,6422.75,-3.1801759999998467,-0.04951424234167369
2017-07-27,6459.759766,6382.189941,-77.56982500000049,-1.2154107871607216
2017-07-28,6350.27002,6374.680176,24.410155999999915,0.38292361853543
2017-07-31,6394.689941,6348.120117,-46.569823999999244,-0.7336002334815185
2017-08-01,6372.160156,6362.939941,-9.22021500000028,-0.14490495094239772
2017-08-02,6393.100098,6362.649902,-30.450195999999778,-0.47857726684644764
2017-08-03,6366.240234,6340.339844,-25.90038999999979,-0.4085016046026284
2017-08-04,6350.790039,6351.560059,0.7700199999999313,0.012123320772332656
2017-08-07,6361.060059,6383.77002,22.709960999999566,0.35574528732787225
2017-08-08,6373.330078,6370.459961,-2.8701170000003913,-0.04505352859246063
2017-08-09,6322.919922,6352.330078,29.410155999999915,0.4629821756563941
2017-08-10,6312.649902,6216.870117,-95.77978499999972,-1.540643172487879
2017-08-11,6222.180176,6256.560059,34.37988300000052,0.5495013661787741
2017-08-14,6306.109863,6340.22998,34.12011700000039,0.5381526712379665
2017-08-15,6350.509766,6333.009766,-17.5,-0.27632990705228605
2017-08-16,6348.109863,6345.109863,-3.0,-0.047280505220150516
2017-08-17,6322.720215,6221.910156,-100.81005900000036,-1.6202429233534623
2017-08-18,6222.459961,6216.529785,-5.930175999999847,-0.09539367147100136
2017-08-21,6216.319824,6213.129883,-3.1899410000005446,-0.051341933294017775
2017-08-22,6241.209961,6297.47998,56.2700190000005,0.8935323205267339
2017-08-23,6263.470215,6278.410156,14.939940999999635,0.23795739094430127
2017-08-24,6294.819824,6271.330078,-23.489746000000196,-0.3745576410082907
2017-08-25,6293.810059,6265.640137,-28.169922000000042,-0.44959367892277086
2017-08-28,6286.009766,6283.02002,-2.9897460000001956,-0.04758453722068827
2017-08-29,6228.899902,6301.890137,72.99023500000021,1.1582276652437333
2017-08-30,6308.680176,6368.310059,59.62988300000052,0.9363533252550842
2017-08-31,6385.799805,6428.660156,42.860351000000264,0.6667073691863743
2017-09-01,6442.169922,6435.330078,-6.839844000000085,-0.10628583020757501
2017-09-05,6414.819824,6375.569824,-39.25,-0.6156312468298677
2017-09-06,6394.350098,6393.310059,-1.040038999999524,-0.016267613965248544
2017-09-07,6402.939941,6397.870117,-5.069823999999244,-0.07924237140307117
2017-09-08,6389.649902,6360.189941,-29.459961000000476,-0.46319310072945
2017-09-11,6411.180176,6432.259766,21.07959000000028,0.32771670869736885
2017-09-12,6448.810059,6454.279785,5.469725999999355,0.08474572194269007
2017-09-13,6440.720215,6460.189941,19.469725999999355,0.30138008600077715
2017-09-14,6439.459961,6429.080078,-10.379882999999609,-0.1614520720548973
2017-09-15,6426.160156,6448.470215,22.310059000000365,0.345974444421007
2017-09-18,6460.100098,6454.640137,-5.459960999999566,-0.08458970421451345
2017-09-19,6465.569824,6461.319824,-4.25,-0.06577603517185067
2017-09-20,6459.740234,6456.040039,-3.7001949999994395,-0.057313693497052356
2017-09-21,6448.569824,6422.689941,-25.879883000000518,-0.4029446110233849
2017-09-22,6401.439941,6426.919922,25.479981000000407,0.39645711023689345
2017-09-25,6403.109863,6370.589844,-32.52001899999959,-0.5104710834684776
2017-09-26,6391.850098,6380.160156,-11.689941999999974,-0.18322333161192786
2017-09-27,6414.370117,6453.259766,38.889648999999736,0.6026357284561189
2017-09-28,6437.959961,6453.450195,15.490234000000783,0.2400302711253942
2017-09-29,6461.279785,6495.959961,34.68017599999985,0.5338729950339952
2017-10-02,6506.080078,6516.720215,10.640137000000323,0.16327441794277373
2017-10-03,6523.740234,6531.709961,7.969726999999693,0.12201593530003489
2017-10-04,6521.959961,6534.629883,12.669922000000042,0.19388890001193726
2017-10-05,6552.870117,6585.359863,32.489745999999286,0.49336325843852047
2017-10-06,6566.950195,6590.180176,23.229980999999498,0.35249386783988135
2017-10-09,6597.370117,6579.72998,-17.640137000000323,-0.26809819025431075
2017-10-10,6602.490234,6587.25,-15.240233999999873,-0.231359581008765
2017-10-11,6586.72998,6603.549805,16.819824999999582,0.25470883837756686
2017-10-12,6594.759766,6591.509766,-3.25,-0.049305851244641846
2017-10-13,6613.209961,6605.799805,-7.410155999999915,-0.11217651486185048
2017-10-16,6622.549805,6624.0,1.450195000000349,0.021893040458942466
2017-10-17,6621.419922,6623.660156,2.240233999999873,0.033821692949789574
2017-10-18,6634.259766,6624.220215,-10.039550999999847,-0.15155823137138635
2017-10-19,6583.700195,6605.069824,21.369628999999804,0.3235337334716994
2017-10-20,6633.370117,6629.049805,-4.32031200000074,-0.06517241727075454
2017-10-23,6641.569824,6586.830078,-54.739746000000196,-0.8310484003956751
2017-10-24,6598.609863,6598.430176,-0.17968699999983073,-0.0027231780166954477
2017-10-25,6587.220215,6563.890137,-23.330077999999958,-0.3554306594574247
2017-10-26,6567.589844,6556.77002,-10.819824000000153,-0.1650175920002781
2017-10-27,6635.029785,6701.259766,66.22998100000041,0.9883213502038776
2017-10-30,6693.77002,6698.959961,5.189940999999635,0.07747383220999125
2017-10-31,6713.709961,6727.669922,13.959961000000476,0.2075006824331605
2017-11-01,6758.640137,6716.529785,-42.1103520000006,-0.6269659087054968
2017-11-02,6709.390137,6714.939941,5.5498039999993125,0.08264860220287877
2017-11-03,6737.089844,6764.439941,27.35009699999955,0.40432167686533316
2017-11-06,6763.299805,6786.439941,23.140135999999984,0.34097606699795274
2017-11-07,6785.439941,6767.779785,-17.660155999999915,-0.26094460164235256
2017-11-08,6764.850098,6789.120117,24.270019000000502,0.3574840123866452
2017-11-09,6737.450195,6750.049805,12.599609999999302,0.18665951161821542
2017-11-10,6736.390137,6750.939941,14.549803999999313,0.2155226402124396
2017-11-13,6727.390137,6757.600098,30.209960999999566,0.4470516242732475
2017-11-14,6733.870117,6737.870117,4.0,0.05936594102501011
2017-11-15,6700.680176,6706.209961,5.52978499999972,0.08245767776670003
2017-11-16,6742.339844,6793.290039,50.95019500000035,0.7500076503063665
2017-11-17,6794.450195,6782.790039,-11.660155999999915,-0.1719079601897716
2017-11-20,6789.279785,6790.709961,1.4301759999998467,0.0210607728531118
2017-11-21,6820.549805,6862.47998,41.93017500000042,0.6110061540755186
2017-11-22,6869.529785,6867.359863,-2.1699220000000423,-0.03159761601676301
2017-11-24,6878.109863,6889.160156,11.050293000000238,0.16040116283805897
2017-11-27,6889.910156,6878.52002,-11.390135999999984,-0.16558992293228775
2017-11-28,6893.720215,6912.359863,18.639647999999397,0.2696567940533943
2017-11-29,6907.279785,6824.390137,-82.8896479999994,-1.2146088710637177
2017-11-30,6852.799805,6873.970215,21.17041000000063,0.3079793676411883
2017-12-01,6844.040039,6847.589844,3.549804999999651,0.051840210656163406
2017-12-04,6897.129883,6775.370117,-121.75976599999922,-1.797093943170621
2017-12-05,6759.140137,6762.209961,3.069823999999244,0.0453967566476637
2017-12-06,6742.069824,6776.379883,34.310058999999455,0.5063184117831645
2017-12-07,6785.740234,6812.839844,27.09961000000021,0.397772597338635
2017-12-08,6859.950195,6840.080078,-19.87011700000039,-0.29049538563019717
2017-12-11,6847.640137,6875.080078,27.439940999999635,0.39912176569123065
2017-12-12,6872.709961,6862.319824,-10.390136999999413,-0.1514085217022583
2017-12-13,6880.410156,6875.799805,-4.610351000000264,-0.06705185041379
2017-12-14,6887.379883,6856.529785,-30.85009799999989,-0.4499374897705617
2017-12-15,6871.549805,6936.580078,65.0302730000003,0.9374976179724326
2017-12-18,6980.399902,6994.759766,14.359864000000016,0.20529459881953602
2017-12-19,6991.25,6963.850098,-27.39990200000011,-0.3934591011352943
2017-12-20,6991.25,6960.959961,-30.290039000000434,-0.43514169266459934
2017-12-21,6972.879883,6965.359863,-7.520019999999931,-0.10796312247908808
2017-12-22,6958.02002,6959.959961,1.939940999999635,0.027872875862362093
2017-12-26,6928.919922,6936.25,7.330077999999958,0.10567782303117618
2017-12-27,6941.450195,6939.339844,-2.1103510000002643,-0.03041140868500552
2017-12-28,6953.379883,6950.160156,-3.2197269999996934,-0.04632593965795359
2017-12-29,6952.609863,6903.390137,-49.219725999999355,-0.7129790584512543
2018-01-02,6937.649902,7006.899902,69.25,0.9883115353229717
2018-01-03,7017.069824,7065.529785,48.459960999999566,0.6858645066202855
2018-01-04,7089.5,7077.910156,-11.589844000000085,-0.16374669562844454
2018-01-05,7105.740234,7136.560059,30.819825000000492,0.4318582726860576
2018-01-08,7135.379883,7157.390137,22.010254000000714,0.30751787423489885
2018-01-09,7174.189941,7163.580078,-10.609862999999677,-0.14810838832643922
2018-01-10,7129.830078,7153.569824,23.739746000000196,0.33185873045306835
2018-01-11,7168.72998,7211.779785,43.04980499999965,0.5969373203760361
2018-01-12,7208.169922,7261.060059,52.89013700000032,0.7284079262564921
2018-01-16,7307.189941,7223.689941,-83.5,-1.1559189373020184
2018-01-17,7257.77002,7298.279785,40.50976499999979,0.5550590850635605
2018-01-18,7293.649902,7296.049805,2.39990299999954,0.03289318280633009
2018-01-19,7312.0,7336.379883,24.37988299999961,0.33231489356887234
2018-01-22,7338.040039,7408.029785,69.98974599999929,0.9447821894792677
2018-01-23,7424.950195,7460.290039,35.339844000000085,0.47370603307987663
2018-01-24,7474.160156,7415.060059,-59.10009699999955,-0.7970278936347527
2018-01-25,7457.950195,7411.160156,-46.790039000000434,-0.6313456734856782
2018-01-26,7448.330078,7505.77002,57.439941999999974,0.7652771380810303
2018-01-29,7484.470215,7466.509766,-17.960449000000153,-0.24054678240409005
2018-01-30,7388.890137,7402.47998,13.589842999999746,0.18358500173883274
2018-01-31,7443.25,7411.47998,-31.77001999999993,-0.4286595941125369
2018-02-01,7377.169922,7385.859863,8.689940999999635,0.11765645654248769
2018-02-02,7347.589844,7240.950195,-106.63964899999974,-1.4727300440988564
2018-02-05,7165.959961,6967.529785,-198.43017599999985,-2.84792720121827
2018-02-06,6837.560059,7115.879883,278.31982399999924,3.9112496075841823
2018-02-07,7086.200195,7051.97998,-34.22021500000028,-0.4852568370450802
2018-02-08,7067.299805,6777.160156,-290.13964899999974,-4.281139036431527
2018-02-09,6863.339844,6874.490234,11.150389999999788,0.16219951764353308
2018-02-12,6936.680176,6981.959961,45.27978499999972,0.648525417689655
2018-02-13,6942.160156,7013.509766,71.34961000000021,1.0173167555264258
2018-02-14,6979.240234,7143.620117,164.37988300000052,2.3010725697579884
2018-02-15,7200.75,7256.430176,55.68017599999985,0.7673218738348382
2018-02-16,7236.509766,7239.470215,2.9604490000001533,0.04089317190457083
2018-02-20,7209.029785,7234.310059,25.280274000000645,0.3494496889658492
2018-02-21,7258.47998,7218.22998,-40.25,-0.5576159267787697
2018-02-22,7252.459961,7210.089844,-42.37011699999948,-0.5876503333069907
2018-02-23,7261.350098,7337.390137,76.04003900000043,1.0363363209563574
2018-02-26,7373.299805,7421.459961,48.160155999999915,0.6489310223740749
2018-02-27,7416.169922,7330.350098,-85.81982400000015,-1.1707465926274803
2018-02-28,7371.410156,7273.009766,-98.40038999999979,-1.3529528099907653
2018-03-01,7274.75,7180.560059,-94.18994099999964,-1.3117352995598646
2018-03-02,7099.540039,7257.870117,158.33007799999996,2.1814950591241056
2018-03-05,7222.890137,7330.709961,107.81982399999924,1.4707964791078882
2018-03-06,7366.609863,7372.009766,5.3999030000004495,0.07324872282325255
2018-03-07,7311.740234,7396.649902,84.90966800000024,1.147947640147755
2018-03-08,7422.77002,7427.950195,5.180175000000418,0.06973895710134628
2018-03-09,7475.97998,7560.810059,84.8300790000003,1.1219707721532155
2018-03-12,7581.040039,7588.319824,7.27978499999972,0.0959340824957791
2018-03-13,7627.52002,7511.009766,-116.5102539999998,-1.5511929504792472
2018-03-14,7539.779785,7496.810059,-42.969725999999355,-0.573173465271589
2018-03-15,7509.240234,7481.740234,-27.5,-0.36756154504040484
2018-03-16,7504.370117,7481.990234,-22.379883000000518,-0.2991167095928679
2018-03-19,7419.200195,7344.240234,-74.95996100000048,-1.02066324918097
2018-03-20,7353.25,7364.299805,11.049804999999651,0.1500455615956506
2018-03-21,7347.5,7345.290039,-2.2099609999995664,-0.03008677653660677
2018-03-22,7257.549805,7166.680176,-90.8696289999998,-1.267945921520355
2018-03-23,7170.680176,6992.669922,-178.0102539999998,-2.545669336399714
2018-03-26,7125.200195,7220.540039,95.33984400000008,1.3203976916552638
2018-03-27,7255.470215,7008.810059,-246.66015599999992,-3.5192872102913397
2018-03-28,6978.299805,6949.22998,-29.069824999999582,-0.41831721044868314
2018-03-29,6984.660156,7063.450195,78.79003900000043,1.1154610965583573
2018-04-02,7016.169922,6870.120117,-146.04980499999965,-2.1258697448186066
2018-04-03,6924.350098,6941.279785,16.92968699999983,0.24389864008341267
2018-04-04,6811.77002,7042.109863,230.33984299999975,3.2708924950209877
2018-04-05,7099.25,7076.549805,-22.70019500000035,-0.32078054455239363
2018-04-06,6999.569824,6915.109863,-84.45996100000048,-1.2213827787742333
2018-04-09,6971.450195,6950.339844,-21.110351000000264,-0.3037312055787335
2018-04-10,7060.990234,7094.299805,33.30957099999978,0.46952584350218024
2018-04-11,7055.0,7069.029785,14.02978499999972,0.198468324886252
2018-04-12,7112.02002,7140.25,28.22998000000007,0.39536402787017355
2018-04-13,7179.620117,7106.649902,-72.97021500000028,-1.0267878115040467
2018-04-16,7153.870117,7156.279785,2.4096679999993285,0.033672076447460036
2018-04-17,7215.120117,7281.100098,65.9799809999995,0.906181485104471
2018-04-18,7292.379883,7295.240234,2.8603510000002643,0.03920845521535247
2018-04-19,7258.609863,7238.060059,-20.549803999999313,-0.28391314568393405
2018-04-20,7220.640137,7146.129883,-74.51025400000071,-1.0426658235985033
2018-04-23,7173.990234,7128.600098,-45.390135999999984,-0.6367328139606911
2018-04-24,7160.77002,7007.350098,-153.41992200000004,-2.189414255808174
2018-04-25,7009.990234,7003.740234,-6.25,-0.0892380326965736
2018-04-26,7080.490234,7118.680176,38.189941999999974,0.536475035481352
2018-04-27,7195.52002,7119.799805,-75.72021500000028,-1.063516068904416
2018-04-30,7133.950195,7066.27002,-67.68017500000042,-0.9577920856186078
2018-05-01,7053.649902,7130.700195,77.05029300000024,1.0805431569543114
2018-05-02,7138.450195,7100.899902,-37.55029300000024,-0.528810341199487
2018-05-03,7065.029785,7088.149902,23.12011700000039,0.3261798539768014
2018-05-04,7065.669922,7209.620117,143.95019500000035,1.996640497889361
2018-05-07,7241.819824,7265.209961,23.390136999999413,0.32194715810773267
2018-05-08,7255.339844,7266.899902,11.560058000000026,0.15907826110028653
2018-05-09,7281.529785,7339.910156,58.380371000000196,0.7953826376509151
2018-05-10,7355.899902,7404.970215,49.07031300000017,0.6626672569269769
2018-05-11,7393.970215,7402.879883,8.909667999999328,0.12035408031487209
2018-05-14,7429.450195,7411.319824,-18.130371000000196,-0.24463080032369947
2018-05-15,7361.299805,7351.629883,-9.669922000000042,-0.13153439650656096
2018-05-16,7356.220215,7398.299805,42.07958999999937,0.5687737873445016
2018-05-17,7379.580078,7382.470215,2.8901370000003226,0.03914864423195404
2018-05-18,7364.339844,7354.339844,-10.0,-0.1359741351653534
2018-05-21,7406.339844,7394.040039,-12.299804999999651,-0.1663475574263069
2018-05-22,7420.850098,7378.459961,-42.39013700000032,-0.574511987922412
2018-05-23,7335.029785,7425.959961,90.93017599999985,1.224490523481828
2018-05-24,7421.990234,7424.430176,2.4399419999999736,0.03286369380760372
2018-05-25,7422.200195,7433.850098,11.64990299999954,0.15671425770522096
2018-05-29,7398.509766,7396.589844,-1.9199220000000423,-0.02595685363786196
2018-05-30,7428.410156,7462.450195,34.040039000000434,0.4561509706665511
2018-05-31,7455.580078,7442.120117,-13.459960999999566,-0.18086191553470146
2018-06-01,7487.660156,7554.330078,66.66992200000004,0.8825391704045162
2018-06-04,7570.080078,7606.459961,36.37988299999961,0.4782761387889676
2018-06-05,7621.359863,7637.859863,16.5,0.2160291010303916
2018-06-06,7652.799805,7689.240234,36.44042900000022,0.4739145597099343
2018-06-07,7697.410156,7635.069824,-62.34033199999976,-0.8164998282535649
2018-06-08,7607.740234,7645.509766,37.769532000000254,0.4940093356228963
2018-06-11,7647.240234,7659.930176,12.689941999999974,0.16566654928213242
2018-06-12,7673.870117,7703.790039,29.919922000000042,0.38837925032395915
2018-06-13,7713.899902,7695.700195,-18.199706999999762,-0.23649189208051993
2018-06-14,7723.529785,7761.040039,37.510254000000714,0.4833147852801679
2018-06-15,7725.029785,7746.379883,21.35009799999989,0.2756138779980859
2018-06-18,7692.959961,7747.029785,54.06982400000015,0.6979426373794451
2018-06-19,7658.470215,7725.589844,67.1196289999998,0.8687961742122199
2018-06-20,7764.149902,7781.509766,17.359864000000016,0.22309120623161108
2018-06-21,7800.299805,7712.950195,-87.3496099999993,-1.1325058219178517
2018-06-22,7739.689941,7692.819824,-46.87011699999948,-0.6092709574943437
2018-06-25,7631.120117,7532.009766,-99.11035100000026,-1.3158553172274294
2018-06-26,7553.740234,7561.629883,7.889648999999736,0.10433794197911202
2018-06-27,7586.330078,7445.080078,-141.25,-1.8972260676871662
2018-06-28,7438.109863,7503.680176,65.57031300000017,0.8738420543258528
2018-06-29,7544.129883,7510.299805,-33.83007799999996,-0.45044910161212875
2018-07-02,7451.899902,7567.689941,115.79003899999952,1.530057915991983
2018-07-03,7593.629883,7502.669922,-90.95996099999957,-1.2123678896399084
2018-07-05,7550.660156,7586.430176,35.77001999999993,0.47150002267416813
2018-07-06,7595.930176,7688.390137,92.45996100000048,1.2025919516628254
2018-07-09,7731.740234,7756.200195,24.459961000000476,0.3153601039819534
2018-07-10,7770.629883,7759.200195,-11.42968799999926,-0.1473049761928363
2018-07-11,7698.509766,7716.609863,18.10009699999955,0.2345602190773805
2018-07-12,7752.709961,7823.919922,71.20996100000048,0.9101570786756894
2018-07-13,7827.620117,7825.97998,-1.6401370000003226,-0.02095759258510552
2018-07-16,7831.740234,7805.720215,-26.020018999999593,-0.3333455246064004
2018-07-17,7751.970215,7855.120117,103.14990200000011,1.3131549927131445
2018-07-18,7859.430176,7854.439941,-4.990235000000212,-0.06353393796992829
2018-07-19,7829.799805,7825.299805,-4.5,-0.0575057839589061
2018-07-20,7843.080078,7820.200195,-22.87988299999961,-0.2925741340308438
2018-07-23,7806.930176,7841.870117,34.939941000000545,0.4455562318515833
2018-07-24,7914.350098,7840.77002,-73.58007799999996,-0.9384292335104092
2018-07-25,7839.089844,7932.240234,93.15038999999979,1.1743263851330275
2018-07-26,7848.040039,7852.180176,4.140136999999413,0.05272595517680099
2018-07-27,7889.75,7737.419922,-152.33007799999996,-1.968745131266251
2018-07-30,7735.27002,7630.0,-105.27001999999993,-1.3796857142857133
2018-07-31,7654.589844,7671.790039,17.20019500000035,0.2242005439742503
2018-08-01,7701.819824,7707.290039,5.47021500000028,0.07097455749453054
2018-08-02,7659.52002,7802.689941,143.1699209999997,1.834879023549293
2018-08-03,7819.22998,7812.009766,-7.220213999999942,-0.0924245388353748
2018-08-06,7809.540039,7859.680176,50.14013699999941,0.6379411868832182
2018-08-07,7878.620117,7883.660156,5.040038999999524,0.06393019105679883
2018-08-08,7880.0,7888.330078,8.330077999999958,0.10560001822479465
2018-08-09,7886.52002,7891.779785,5.259764999999788,0.06664865395759124
2018-08-10,7834.709961,7839.109863,4.399902000000111,0.0561275715852295
2018-08-13,7848.0,7819.709961,-28.290039000000434,-0.3617786227506403
2018-08-14,7847.879883,7870.890137,23.010254000000714,0.29234627341363323
2018-08-15,7810.02002,7774.120117,-35.89990299999954,-0.46178734647404907
2018-08-16,7826.950195,7806.52002,-20.430175000000418,-0.26170655999932246
2018-08-17,7786.640137,7816.330078,29.689940999999635,0.37984502578218315
2018-08-20,7834.370117,7821.009766,-13.360351000000264,-0.17082642011369487
2018-08-21,7840.089844,7859.169922,19.080077999999958,0.24277472289521973
2018-08-22,7844.040039,7889.100098,45.060058999999455,0.5711685545911989
2018-08-23,7886.470215,7878.459961,-8.010254000000714,-0.10167284011917459
2018-08-24,7907.810059,7945.97998,38.169920999999704,0.4803676965720181
2018-08-27,7989.640137,8017.899902,28.25976499999979,0.352458441055751
2018-08-28,8039.009766,8030.040039,-8.969726999999693,-0.11170214539947318
2018-08-29,8044.339844,8109.689941,65.35009699999955,0.805827318620535
2018-08-30,8094.200195,8088.359863,-5.8403320000006715,-0.07220662901903172
2018-08-31,8079.310059,8109.540039,30.22998000000007,0.372770586921324
2018-09-04,8087.950195,8091.25,3.299804999999651,0.04078238838250766
2018-09-05,8073.529785,7995.169922,-78.35986299999968,-0.9800900264093183
2018-09-06,7998.27002,7922.72998,-75.54003999999986,-0.9534597315659098
2018-09-07,7878.790039,7902.540039,23.75,0.30053628178776504
2018-09-10,7939.569824,7924.160156,-15.409668000000238,-0.19446436842057485
2018-09-11,7894.870117,7972.470215,77.60009799999989,0.9733507420823884
2018-09-12,7958.870117,7954.22998,-4.640137000000323,-0.058335464421665144
2018-09-13,7999.930176,8013.709961,13.77978499999972,0.17195262951942666
2018-09-14,8026.160156,8010.040039,-16.120116999999482,-0.20124889415673844
2018-09-17,7992.209961,7895.790039,-96.41992199999913,-1.2211561037432384
2018-09-18,7903.569824,7956.109863,52.540038999999524,0.6603734727738956
2018-09-19,7962.549805,7950.040039,-12.509765999999217,-0.15735475467583637
2018-09-20,7993.529785,8028.22998,34.70019500000035,0.4322272167893271
2018-09-21,8041.689941,7986.959961,-54.72998000000007,-0.6852416973071649
2018-09-24,7939.379883,7993.25,53.87011700000039,0.673945103681236
2018-09-25,8001.589844,8007.470215,5.880371000000196,0.07343606460108694
2018-09-26,8011.680176,7990.370117,-21.310058999999455,-0.2666967698362433
2018-09-27,8021.220215,8041.970215,20.75,0.2580213485657631
2018-09-28,8024.5,8046.350098,21.85009799999989,0.2715529119896355
2018-10-01,8091.5,8037.299805,-54.20019500000035,-0.6743582585569651
2018-10-02,8024.470215,7999.549805,-24.92041000000063,-0.31152265574275817
2018-10-03,8034.649902,8025.089844,-9.560058000000026,-0.1191271149088462
2018-10-04,7993.330078,7879.509766,-113.82031199999983,-1.4445100695367274
2018-10-05,7874.759766,7788.450195,-86.30957099999978,-1.108173883623323
2018-10-08,7747.100098,7735.950195,-11.14990299999954,-0.1441310080719766
2018-10-09,7728.509766,7738.02002,9.510253999999804,0.12290293867706747
2018-10-10,7694.080078,7422.049805,-272.0302730000003,-3.665163669701356
2018-10-11,7388.069824,7329.060059,-59.00976499999979,-0.8051477887336519
2018-10-12,7507.839844,7496.890137,-10.949706999999762,-0.1460566554918392
2018-10-15,7473.330078,7430.740234,-42.589844000000085,-0.5731574871252603
2018-10-16,7501.779785,7645.490234,143.71044900000015,1.8796760521766191
2018-10-17,7669.259766,7642.700195,-26.559570999999778,-0.34751554192032225
2018-10-18,7616.470215,7485.140137,-131.33007799999996,-1.7545440111510895
2018-10-19,7530.160156,7449.029785,-81.1303710000002,-1.089140107391854
2018-10-22,7486.740234,7468.629883,-18.110351000000264,-0.24248558683062893
2018-10-23,7328.549805,7437.540039,108.99023400000078,1.4654070220596063
2018-10-24,7423.209961,7108.399902,-314.81005899999946,-4.428704959486387
2018-10-25,7197.490234,7318.339844,120.84961000000021,1.6513254723894757
2018-10-26,7125.180176,7167.209961,42.02978499999972,0.5864176608290061
2018-10-29,7272.419922,7050.290039,-222.1298829999996,-3.150648863681445
2018-10-30,7017.870117,7161.649902,143.77978499999972,2.007634930043802
2018-10-31,7276.620117,7305.899902,29.27978499999972,0.4007690413604536
2018-11-01,7327.819824,7434.060059,106.24023500000021,1.429101112404669
2018-11-02,7424.02002,7356.990234,-67.02978600000006,-0.9111033706450351
2018-11-05,7344.080078,7328.850098,-15.229980000000069,-0.2078085892922853
2018-11-06,7326.069824,7375.959961,49.89013699999941,0.6763883923420259
2018-11-07,7446.089844,7570.75,124.66015599999992,1.646602463428325
2018-11-08,7544.169922,7530.879883,-13.290039000000434,-0.17647392079643975
2018-11-09,7468.509766,7406.899902,-61.609864000000016,-0.8317901526300391
2018-11-12,7364.049805,7200.870117,-163.17968799999926,-2.2661106970220226
2018-11-13,7230.689941,7200.870117,-29.819823999999244,-0.4141141766965055
2018-11-14,7265.390137,7136.390137,-129.0,-1.8076365995067234
2018-11-15,7112.830078,7259.029785,146.19970699999976,2.0140392219095955
2018-11-16,7193.600098,7247.870117,54.2700190000005,0.7487719581606362
2018-11-19,7217.240234,7028.47998,-188.7602539999998,-2.685648312823391
2018-11-20,6867.430176,6908.819824,41.38964800000031,0.5990842004045336
2018-11-21,6985.509766,6972.25,-13.259766000000127,-0.1901791530711051
2018-11-23,6919.52002,6938.97998,19.459960000000137,0.2804441006616096
2018-11-26,7026.5,7081.850098,55.35009799999989,0.7815768088007317
2018-11-27,7041.22998,7082.700195,41.47021500000028,0.5855141945620681
2018-11-28,7135.080078,7291.589844,156.50976600000013,2.146442262228815
2018-11-29,7267.370117,7273.080078,5.709960999999566,0.07850815526246384
2018-11-30,7279.299805,7330.540039,51.24023400000078,0.6989967141219072
2018-12-03,7486.129883,7441.509766,-44.62011699999948,-0.5996110789757644
2018-12-04,7407.950195,7158.430176,-249.5200190000005,-3.48568069905276
2018-12-06,7017.049805,7188.259766,171.20996100000048,2.3817998594014704
2018-12-07,7163.490234,6969.25,-194.24023399999987,-2.787103834702441
2018-12-10,6959.629883,7020.52002,60.89013700000032,0.8673166207992713
2018-12-11,7121.660156,7031.830078,-89.83007799999996,-1.2774779396482447
2018-12-12,7127.0,7098.310059,-28.689940999999635,-0.4041798788941805
2018-12-13,7135.279785,7070.330078,-64.94970699999976,-0.9186234063116362
2018-12-14,6986.370117,6910.660156,-75.70996100000048,-1.095553236462761
2018-12-17,6886.459961,6753.72998,-132.7299809999995,-1.965284093279659
2018-12-18,6809.819824,6783.910156,-25.909668000000238,-0.38192823024173667
2018-12-19,6777.589844,6636.830078,-140.75976600000013,-2.120888501674852
2018-12-20,6607.759766,6528.410156,-79.34961000000021,-1.2154507468724705
2018-12-21,6573.490234,6332.990234,-240.5,-3.7975741492356136
2018-12-24,6278.490234,6192.919922,-85.57031199999983,-1.3817442026985705
2018-12-26,6257.859863,6554.359863,296.5,4.523706451850034
2018-12-27,6457.189941,6579.490234,122.30029300000024,1.8588110727485312
2018-12-28,6616.790039,6584.52002,-32.2700190000005,-0.4900891621861984
2018-12-31,6649.52002,6635.279785,-14.240235000000212,-0.21461393432410042
2019-01-02,6506.910156,6665.939941,159.02978499999972,2.385706838158861
2019-01-03,6584.77002,6463.5,-121.27001999999993,-1.8762283592480844
2019-01-04,6567.140137,6738.859863,171.71972599999935,2.5482014686613965
2019-01-07,6757.529785,6823.470215,65.94043000000056,0.9663767543828952
2019-01-08,6893.439941,6897.0,3.560059000000365,0.05161750036248173
2019-01-09,6923.060059,6957.080078,34.02001899999959,0.488998525510426
2019-01-10,6908.649902,6986.069824,77.41992200000004,1.1082042400153378
2019-01-11,6947.459961,6971.47998,24.020019000000502,0.3445469121177983
2019-01-14,6908.029785,6905.919922,-2.1098629999996774,-0.030551512670721023
2019-01-15,6931.390137,7023.830078,92.43994099999964,1.3160902239013368
2019-01-16,7033.75,7034.689941,0.9399409999996351,0.013361512843962246
2019-01-17,7010.129883,7084.459961,74.33007799999996,1.0491989284883751
2019-01-18,7134.100098,7157.22998,23.12988200000018,0.32316807011418935
2019-01-22,7109.569824,7020.359863,-89.20996100000048,-1.2707320242965225
2019-01-23,7061.649902,7025.77002,-35.87988200000018,-0.510689673841618
2019-01-24,7042.25,7073.459961,31.209960999999566,0.4412262340082195
2019-01-25,7128.180176,7164.859863,36.67968699999983,0.5119386519953745
2019-01-28,7075.009766,7085.680176,10.67040999999972,0.15059118863622445
2019-01-29,7087.490234,7028.290039,-59.20019499999944,-0.8423129192377861
2019-01-30,7094.790039,7183.080078,88.29003899999952,1.2291390050127675
2019-01-31,7208.169922,7281.740234,73.57031199999983,1.0103396940264957
2019-02-01,7256.370117,7263.870117,7.5,0.10325074483982544
2019-02-04,7266.279785,7347.540039,81.26025400000071,1.1059518365150716
2019-02-05,7356.339844,7402.080078,45.74023399999987,0.617937573195758
2019-02-06,7400.439941,7375.279785,-25.160155999999915,-0.34114171575119323
2019-02-07,7316.5,7288.350098,-28.14990200000011,-0.3862314738108525
2019-02-08,7232.299805,7298.200195,65.9003900000007,0.9029676939411594
2019-02-11,7327.370117,7307.899902,-19.47021500000028,-0.26642695249112186
2019-02-12,7358.850098,7414.620117,55.7700190000005,0.7521628636392688
2019-02-13,7437.459961,7420.379883,-17.080077999999958,-0.23017794599883235
2019-02-14,7390.25,7426.950195,36.70019500000035,0.4941489310741278
2019-02-15,7468.569824,7472.410156,3.840331999999762,0.05139348509819356
2019-02-19,7450.75,7486.77002,36.02001999999993,0.48111562000404456
2019-02-20,7490.310059,7489.069824,-1.2402350000002116,-0.01656060137169061
2019-02-21,7475.410156,7459.709961,-15.700195000000349,-0.21046656079234058
2019-02-22,7481.629883,7527.540039,45.910156000000825,0.6098958725179997
2019-02-25,7585.299805,7554.459961,-30.839844000000085,-0.40823360186182983
2019-02-26,7535.290039,7549.299805,14.009765999999217,0.18557702517947913
2019-02-27,7526.419922,7554.509766,28.089844000000085,0.37182881312063265
2019-02-28,7533.310059,7532.529785,-0.7802740000006452,-0.010358724389705752
2019-03-01,7587.450195,7595.350098,7.89990299999954,0.10400972829520702
2019-03-04,7636.620117,7577.569824,-59.05029300000024,-0.7792774513667119
2019-03-05,7582.290039,7576.359863,-5.930176000000756,-0.0782721004180574
2019-03-06,7575.379883,7505.919922,-69.45996099999957,-0.9254023720185323
2019-03-07,7483.790039,7421.459961,-62.33007800000087,-0.839862753791671
2019-03-08,7334.350098,7408.140137,73.79003900000043,0.9960669970517383
2019-03-11,7442.560059,7558.060059,115.5,1.5281699152742865
2019-03-12,7571.850098,7591.029785,19.17968699999983,0.25266251804069073
2019-03-13,7621.379883,7643.410156,22.030273000000307,0.28822570750971366
2019-03-14,7644.790039,7630.910156,-13.879883000000518,-0.1818902688703143
2019-03-15,7658.410156,7688.529785,30.119628999999804,0.39174757518351483
2019-03-18,7696.379883,7714.47998,18.10009700000046,0.23462497857179557
2019-03-19,7747.399902,7723.950195,-23.449706999999762,-0.3035973356635524
2019-03-20,7721.950195,7728.970215,7.020019999999931,0.0908273651563028
2019-03-21,7705.430176,7838.959961,133.52978499999972,1.7034120044537848
2019-03-22,7800.25,7642.669922,-157.58007799999996,-2.0618459204471704
2019-03-25,7618.97998,7637.540039,18.560059000000365,0.24301095516653387
2019-03-26,7700.0,7691.52002,-8.479980000000069,-0.1102510294187607
2019-03-27,7702.049805,7643.379883,-58.66992200000004,-0.7675913391468423
2019-03-28,7660.069824,7669.169922,9.100097999999889,0.11865818716436427
2019-03-29,7726.709961,7729.319824,2.609863000000587,0.033765752477945166
2019-04-01,7800.240234,7828.910156,28.669922000000042,0.36620578635747525
2019-04-02,7824.609863,7848.689941,24.080077999999958,0.3068037873965489
2019-04-03,7891.180176,7895.549805,4.369628999999804,0.05534293504465842
2019-04-04,7894.259766,7891.779785,-2.479981000000407,-0.03142486318123241
2019-04-05,7914.509766,7938.689941,24.180174999999508,0.30458646426180547
2019-04-08,7924.890137,7953.879883,28.989745999999286,0.36447301727499937
2019-04-09,7924.77002,7909.279785,-15.490235000000212,-0.19584886893718872
2019-04-10,7922.72998,7964.240234,41.510253999999804,0.5212079593328828
2019-04-11,7975.200195,7947.359863,-27.84033200000067,-0.3503091904723614
2019-04-12,7984.149902,7984.160156,0.010253999999804364,0.0001284292874823986
2019-04-15,7987.160156,7976.009766,-11.150389999999788,-0.13979910164517956
2019-04-16,8000.569824,8000.22998,-0.33984400000008463,-0.0042479278826942505
2019-04-17,8044.970215,7996.080078,-48.89013700000032,-0.6114263054282574
2019-04-18,7998.450195,7998.060059,-0.39013599999998405,-0.004877882850616689
2019-04-22,7969.370117,8015.27002,45.89990299999954,0.5726557294447772
2019-04-23,8026.75,8120.819824,94.06982400000015,1.1583784154647703
2019-04-24,8122.879883,8102.009766,-20.870116999999482,-0.25759185193259965
2019-04-25,8150.850098,8118.680176,-32.16992200000004,-0.3962457111575723
2019-04-26,8100.279785,8146.399902,46.12011700000039,0.5661410875333724
2019-04-29,8147.649902,8161.850098,14.200195999999778,0.1739825631382207
2019-04-30,8104.910156,8095.390137,-9.520018999999593,-0.117598026023333
2019-05-01,8132.930176,8049.640137,-83.29003899999952,-1.0347051244832501
2019-05-02,8046.47998,8036.77002,-9.709960000000137,-0.12081918452109866
2019-05-03,8092.879883,8164.0,71.12011700000039,0.8711430303772708
2019-05-06,7981.850098,8123.290039,141.43994100000054,1.7411657139034296
2019-05-07,8043.52002,7963.759766,-79.7602539999998,-1.001540181316411
2019-05-08,7946.240234,7943.319824,-2.9204099999997197,-0.036765610156800854
2019-05-09,7853.209961,7910.589844,57.37988300000052,0.7253553038591912
2019-05-10,7881.310059,7916.939941,35.62988199999927,0.4500461322875567
2019-05-13,7720.069824,7647.02002,-73.04980400000022,-0.9552715150339076
2019-05-14,7689.660156,7734.490234,44.83007799999996,0.5796125748912537
2019-05-15,7682.799805,7822.149902,139.35009700000046,1.7814807788888174
2019-05-16,7832.580078,7898.049805,65.4697269999997,0.8289353526050561
2019-05-17,7829.029785,7816.279785,-12.75,-0.16312107998575182
2019-05-20,7714.060059,7702.379883,-11.680176000000756,-0.15164372800905587
2019-05-21,7765.569824,7785.720215,20.150391000000127,0.2588121643669946
2019-05-22,7749.799805,7750.839844,1.0400390000004336,0.013418403952773425
2019-05-23,7660.720215,7628.279785,-32.44043000000056,-0.42526534047414416
2019-05-24,7675.569824,7637.009766,-38.560058000000026,-0.5049104188876328
2019-05-28,7655.660156,7607.350098,-48.310058000000026,-0.6350444948327134
2019-05-29,7553.02002,7547.310059,-5.709960999999566,-0.07565557735620738
2019-05-30,7565.459961,7567.720215,2.260254000000714,0.02986703968680895
2019-05-31,7470.950195,7453.149902,-17.800293000000238,-0.2388291290803591
2019-06-03,7441.209961,7333.02002,-108.18994099999964,-1.4753804122302074
2019-06-04,7413.939941,7527.120117,113.18017600000076,1.5036318570814797
2019-06-05,7585.680176,7575.47998,-10.200195999999778,-0.13464752104063746
2019-06-06,7582.240234,7615.549805,33.30957099999978,0.4373889194202411
2019-06-07,7652.970215,7742.100098,89.12988299999961,1.1512365104014135
2019-06-10,7798.870117,7823.169922,24.29980499999965,0.31061328390253584
2019-06-11,7901.040039,7822.569824,-78.47021500000028,-1.0031257855858327
2019-06-12,7803.129883,7792.720215,-10.409667999999328,-0.13358195486040977
2019-06-13,7822.560059,7837.129883,14.569823999999244,0.18590765009016305
2019-06-14,7807.189941,7796.660156,-10.52978499999972,-0.13505507216312893
2019-06-17,7819.430176,7845.02002,25.589844000000085,0.3261922077287457
2019-06-18,7920.97998,7953.879883,32.89990299999954,0.4136333900429804
2019-06-19,7970.259766,7987.319824,17.060058000000026,0.21358926868983763
2019-06-20,8087.450195,8051.339844,-36.110351000000264,-0.44850114017867887
2019-06-21,8028.689941,8031.709961,3.0200199999999313,0.03760120839353516
2019-06-24,8040.580078,8005.700195,-34.87988299999961,-0.43568809910948214
2019-06-25,8005.27002,7884.720215,-120.54980499999965,-1.5289040284608202
2019-06-26,7933.919922,7909.970215,-23.949706999999762,-0.3027787254442874
2019-06-27,7939.359863,7967.759766,28.39990300000045,0.35643523191033477
2019-06-28,7988.759766,8006.240234,17.480467999999746,0.21833554189100723
2019-07-01,8145.850098,8091.160156,-54.689941999999974,-0.6759221291577654
2019-07-02,8086.649902,8109.089844,22.439941999999974,0.2767257784990941
2019-07-03,8129.569824,8170.22998,40.660155999999915,0.49766231917011367
2019-07-05,8123.279785,8161.790039,38.510254000000714,0.47183588178554847
2019-07-08,8112.910156,8098.379883,-14.530273000000307,-0.1794219734060888
2019-07-09,8061.410156,8141.72998,80.31982400000015,0.9865203611186348
2019-07-10,8183.189941,8202.530273,19.34033200000067,0.23578495118344894
2019-07-11,8219.280273,8196.040039,-23.240234000000783,-0.28355442249445534
2019-07-12,8209.200195,8244.139648,34.93945300000087,0.42380957251830464
2019-07-15,8263.179688,8258.19043,-4.989257999999609,-0.06041587490977256
2019-07-16,8251.660156,8222.799805,-28.860350999999355,-0.35097961381049764
2019-07-17,8224.0,8185.209961,-38.790039000000434,-0.4739040193815797
2019-07-18,8151.759766,8207.240234,55.480468000000656,0.6759942004641538
2019-07-19,8241.339844,8146.490234,-94.84961000000021,-1.164300297128426
2019-07-22,8171.990234,8204.139648,32.149414000000434,0.39186819556195385
2019-07-23,8242.5,8251.400391,8.900390999999217,0.10786521775997063
2019-07-24,8227.360352,8321.5,94.1396480000003,1.1312821967193452
2019-07-25,8294.679688,8238.540039,-56.139649000000645,-0.6814271549843062
2019-07-26,8294.299805,8330.209961,35.910155999999915,0.4310834440923153
2019-07-29,8325.099609,8293.330078,-31.769530999999915,-0.3830732733558505
2019-07-30,8231.769531,8273.610352,41.84082099999978,0.505714183045682
2019-07-31,8290.799805,8175.419922,-115.37988300000052,-1.411302221791862
2019-08-01,8190.560059,8111.120117,-79.43994199999997,-0.9793954577679443
2019-08-02,8056.419922,8004.069824,-52.35009799999989,-0.6540434947609959
2019-08-05,7823.330078,7726.040039,-97.29003899999952,-1.2592484443374954
2019-08-06,7804.509766,7833.27002,28.760253999999804,0.36715514627440105
2019-08-07,7747.27002,7862.830078,115.56005800000003,1.46970056396531
2019-08-08,7921.589844,8039.160156,117.57031199999983,1.4624700804380868
2019-08-09,7997.189941,7959.140137,-38.04980399999931,-0.4780642549955307
2019-08-12,7907.490234,7863.410156,-44.08007799999996,-0.560572030779364
2019-08-13,7852.370117,8016.359863,163.9897459999993,2.045688427198784
2019-08-14,7877.330078,7773.939941,-103.39013700000032,-1.3299580107985856
2019-08-15,7790.200195,7766.620117,-23.580077999999958,-0.30360797418669416
2019-08-16,7828.350098,7895.990234,67.64013599999998,0.8566390534368027
2019-08-19,8006.180176,8002.810059,-3.3701169999994818,-0.04211167046516906
2019-08-20,7989.359863,7948.560059,-40.79980399999931,-0.5132980526932357
2019-08-21,8017.069824,8020.209961,3.140136999999413,0.03915280292247966
2019-08-22,8038.790039,7991.390137,-47.39990200000011,-0.593137128677267
2019-08-23,7943.649902,7751.77002,-191.87988200000018,-2.475304111253809
2019-08-26,7829.580078,7853.740234,24.160155999999915,0.30762611545779217
2019-08-27,7908.779785,7826.950195,-81.82958999999937,-1.0454849968545044
2019-08-28,7798.350098,7856.879883,58.52978499999972,0.7449494694024931
2019-08-29,7945.779785,7973.390137,27.610352000000603,0.34628121195119443
2019-08-30,8015.160156,7962.879883,-52.28027300000031,-0.6565498132354574
2019-09-03,7906.439941,7874.160156,-32.27978499999972,-0.4099457511719897
2019-09-04,7949.810059,7976.879883,27.069823999999244,0.33935353668405294
2019-09-05,8061.290039,8116.830078,55.540038999999524,0.6842577516872779
2019-09-06,8125.580078,8103.069824,-22.510253999999804,-0.27779908712285833
2019-09-09,8130.910156,8087.439941,-43.47021500000028,-0.5375027860129649
2019-09-10,8049.97998,8084.160156,34.18017599999985,0.42280429061801295
2019-09-11,8091.680176,8169.680176,78.0,0.9547497370722043
2019-09-12,8206.580078,8194.469727,-12.110351000001174,-0.1477868782661887
2019-09-13,8190.569824,8176.709961,-13.859863000000587,-0.169504153456674
2019-09-16,8121.640137,8153.540039,31.89990200000011,0.3912399012872513
2019-09-17,8148.649902,8186.02002,37.37011799999982,0.4565114415637579
2019-09-18,8174.620117,8177.390137,2.7700199999999313,0.03387413286626135
2019-09-19,8193.589844,8182.879883,-10.709961000000476,-0.13088253955982548
2019-09-20,8184.879883,8117.669922,-67.20996099999957,-0.8279464630343166
2019-09-23,8106.490234,8112.459961,5.969726999999693,0.07358713668478707
2019-09-24,8147.22998,7993.629883,-153.60009700000046,-1.9215312598680705
2019-09-25,7990.660156,8077.379883,86.7197269999997,1.0736120902585473
2019-09-26,8070.120117,8030.660156,-39.459961000000476,-0.4913663414148897
2019-09-27,8047.109863,7939.629883,-107.47998000000007,-1.3537152434540012
2019-09-30,7964.089844,7999.339844,35.25,0.44066136315535687
2019-10-01,8026.830078,7908.680176,-118.14990200000011,-1.4939269179014543
2019-10-02,7851.129883,7785.25,-65.87988299999961,-0.8462140971709272
2019-10-03,7787.02002,7872.259766,85.2397460000002,1.0827862460553896
2019-10-04,7908.439941,7982.470215,74.03027400000065,0.9274105885279603
2019-10-07,7956.410156,7956.290039,-0.12011699999948178,-0.001509711177077437
2019-10-08,7898.27002,7823.779785,-74.49023500000021,-0.9521003536272233
2019-10-09,7895.959961,7903.740234,7.780273000000307,0.09843786320976787
2019-10-10,7904.560059,7950.779785,46.219725999999355,0.5813231814972141
2019-10-11,8047.339844,8057.040039,9.700195000000349,0.12039402749702965
2019-10-14,8044.350098,8048.649902,4.299804000000222,0.05342267401805822
2019-10-15,8074.850098,8148.709961,73.85986299999968,0.9063994589756595
2019-10-16,8119.810059,8124.180176,4.370116999999482,0.0537914830213815
2019-10-17,8176.910156,8156.850098,-20.060058000000026,-0.245928976982409
2019-10-18,8149.850098,8089.540039,-60.310058999999455,-0.745531373962453
2019-10-21,8137.419922,8162.990234,25.57031199999983,0.3132468772717122
2019-10-22,8188.120117,8104.299805,-83.82031200000074,-1.0342696348460265
2019-10-23,8090.240234,8119.790039,29.54980500000056,0.36392326474047343
2019-10-24,8180.040039,8185.799805,5.7597659999992175,0.07036289839975164
2019-10-25,8150.589844,8243.120117,92.5302730000003,1.1225151603598826
2019-10-28,8285.769531,8325.990234,40.22070300000087,0.4830741073386763
2019-10-29,8313.349609,8276.849609,-36.5,-0.44098904443438214
2019-10-30,8284.280273,8303.980469,19.700195999999778,0.23723798572917595
2019-10-31,8314.379883,8292.360352,-22.019530999999915,-0.2655399676967622
2019-11-01,8335.049805,8386.400391,51.35058599999866,0.6123078270279865
2019-11-04,8445.5,8433.200195,-12.29980500000056,-0.14584979267174342
2019-11-05,8446.620117,8434.679688,-11.940429000000222,-0.14156351446265167
2019-11-06,8426.570313,8410.629883,-15.94043000000056,-0.1895271843101809
2019-11-07,8455.110352,8434.519531,-20.590820999999778,-0.2441255951132823
2019-11-08,8422.669922,8475.30957,52.63964800000031,0.6210941035868299
2019-11-11,8431.259766,8464.280273,33.02050700000109,0.39011594530172156
2019-11-12,8471.070313,8486.089844,15.019530999999915,0.17699000689486355
2019-11-13,8455.019531,8482.099609,27.080078000000867,0.3192614947750358
2019-11-14,8461.05957,8479.019531,17.959961000000476,0.21181648343110152
2019-11-15,8524.480469,8540.830078,16.349609000000783,0.19142880552225383
2019-11-18,8529.160156,8549.94043,20.780274000000645,0.243045833712325
2019-11-19,8578.019531,8570.660156,-7.359375,-0.08586707285141829
2019-11-20,8543.570313,8526.730469,-16.839844000000085,-0.1974947380033115
2019-11-21,8527.870117,8506.209961,-21.660155999999915,-0.25463932937594125
2019-11-22,8530.540039,8519.879883,-10.660155999999915,-0.12512096586326857
2019-11-25,8559.650391,8632.490234,72.83984300000157,0.8437871462989199
2019-11-26,8635.400391,8647.929688,12.529297000000952,0.14488204058119017
2019-11-27,8669.589844,8705.179688,35.589844000000085,0.4088352598747653
2019-11-29,8682.009766,8665.469727,-16.540038999999524,-0.19087296501035395
2019-12-02,8672.839844,8567.990234,-104.8496099999993,-1.223736338819913
2019-12-03,8460.719727,8520.639648,59.91992100000061,0.7032326618115491
2019-12-04,8557.450195,8566.669922,9.219726999999693,0.10762323147670932
2019-12-05,8587.929688,8570.700195,-17.22949300000073,-0.20102783445922098
2019-12-06,8634.25,8656.530273,22.280273000000307,0.2573811018658735
2019-12-09,8650.860352,8621.830078,-29.030273999998826,-0.33670663579968113
2019-12-10,8623.55957,8616.179688,-7.37988199999927,-0.08565144028132843
2019-12-11,8631.120117,8654.049805,22.92968800000017,0.2649590482683866
2019-12-12,8645.360352,8717.320313,71.95996100000048,0.8254825842832428
2019-12-13,8713.910156,8734.879883,20.969726999999693,0.24006886506603717
2019-12-16,8791.30957,8814.230469,22.920899000000645,0.2600442441414978
2019-12-17,8829.469727,8823.360352,-6.109375,-0.06924090999655456
2019-12-18,8834.650391,8827.740234,-6.910156999998435,-0.0782777564453471
2019-12-19,8838.969727,8887.219727,48.25,0.5429144488620339
2019-12-20,8911.839844,8924.959961,13.120117000000391,0.14700477153211053
2019-12-23,8950.200195,8945.650391,-4.549804000000222,-0.05086051657661101
2019-12-24,8955.009766,8952.879883,-2.1298829999996087,-0.023789920425983768
2019-12-26,8970.209961,9022.389648,52.17968699999983,0.5783355522842725
2019-12-27,9049.469727,9006.620117,-42.8496099999993,-0.47575682601646135
2019-12-30,9004.450195,8945.990234,-58.45996099999866,-0.6534766914658209
2019-12-31,8918.740234,8972.599609,53.859375,0.6002649995211661
2020-01-02,9039.459961,9092.19043,52.730469000000085,0.5799534161318713
2020-01-03,8976.429688,9020.769531,44.339842999999746,0.4915306044304231
2020-01-06,8943.5,9071.469727,127.9697269999997,1.41068350389921
2020-01-07,9076.639648,9068.580078,-8.05956999999944,-0.08887356047670156
2020-01-08,9068.030273,9129.240234,61.209961000000476,0.6704825311972448
2020-01-09,9202.269531,9203.429688,1.160157000000254,0.012605702866540483
2020-01-10,9232.950195,9178.860352,-54.089842999999746,-0.5892871328869711
2020-01-13,9213.719727,9273.929688,60.209961000000476,0.6492389205614654
2020-01-14,9270.610352,9251.330078,-19.280273999998826,-0.20840542751628782
2020-01-15,9253.759766,9258.700195,4.940429000000222,0.053359855011486546
2020-01-16,9313.450195,9357.129883,43.67968800000017,0.46680647320453755
2020-01-17,9392.370117,9388.94043,-3.4296869999998307,-0.03652901012175056
2020-01-21,9361.070313,9370.80957,9.73925699999927,0.10393186338114083
2020-01-22,9413.610352,9383.769531,-29.840820999999778,-0.3180046238499181
2020-01-23,9377.719727,9402.480469,24.76074200000039,0.26334265815958474
2020-01-24,9446.209961,9314.910156,-131.29980500000056,-1.4095659840092671
2020-01-27,9092.459961,9139.30957,46.849608999998964,0.512616501729889
2020-01-28,9201.820313,9269.679688,67.859375,0.7320573880006542
2020-01-29,9318.259766,9275.160156,-43.0996099999993,-0.4646777982816678
2020-01-30,9211.150391,9298.929688,87.77929700000095,0.9439720478075837
2020-01-31,9324.330078,9150.94043,-173.3896480000003,-1.8947740871699708
2020-02-03,9190.719727,9273.400391,82.68066399999952,0.8915894980685034
2020-02-04,9398.389648,9467.969727,69.58007899999939,0.7348996776106759
2020-02-05,9574.099609,9508.679688,-65.41992100000061,-0.6880021532596252
2020-02-06,9540.980469,9572.150391,31.169921999999133,0.32563134433518676
2020-02-07,9526.639648,9520.509766,-6.129882000001089,-0.06438606913562919
2020-02-10,9493.629883,9628.389648,134.7597650000007,1.3996085526928468
2020-02-11,9680.889648,9638.94043,-41.949217999999746,-0.4352056982263116
2020-02-12,9688.599609,9725.959961,37.36035199999969,0.3841302262173655
2020-02-13,9657.040039,9711.969727,54.92968800000017,0.565587512564949
2020-02-14,9728.900391,9731.179688,2.279297000000952,0.023422617535381305
2020-02-18,9679.040039,9732.740234,53.70019500000126,0.5517479528777204
2020-02-19,9782.80957,9817.179688,34.37011800000073,0.35010175113747727
2020-02-20,9799.200195,9750.969727,-48.230467999999746,-0.49462227194134073
2020-02-21,9708.009766,9576.589844,-131.41992199999913,-1.3723039635276577
2020-02-24,9188.44043,9221.280273,32.839842999999746,0.3561310580284077
2020-02-25,9301.200195,8965.610352,-335.58984299999975,-3.7430786061892394
2020-02-26,9011.549805,8980.780273,-30.769532000000254,-0.3426153526159236
2020-02-27,8744.030273,8566.480469,-177.54980400000022,-2.0726108539266455
2020-02-28,8269.740234,8567.370117,297.6298829999996,3.4739935235133674
2020-03-02,8667.139648,8952.169922,285.0302739999988,3.1839238584997767
2020-03-03,8965.099609,8684.089844,-281.0097650000007,-3.235914989918668
2020-03-04,8834.099609,9018.089844,183.9902349999993,2.0402351072429536
2020-03-05,8790.089844,8738.589844,-51.5,-0.5893399383581368
2020-03-06,8469.019531,8575.620117,106.60058600000048,1.2430656272737561
2020-03-09,7957.930176,7950.680176,-7.25,-0.09118716687768325
2020-03-10,8219.759766,8344.25,124.49023400000078,1.4919283818198255
2020-03-11,8136.25,7952.049805,-184.20019500000035,-2.3163863345546583
2020-03-12,7398.580078,7201.799805,-196.7802730000003,-2.7323763271423
2020-03-13,7610.390137,7874.879883,264.4897459999993,3.358651178552831
2020-03-16,7392.72998,6904.589844,-488.140136,-7.069791935927773
2020-03-17,7072.0,7334.779785,262.7797849999997,3.5826540496471053
2020-03-18,6902.319824,6989.839844,87.52001999999993,1.2521033665045436
2020-03-19,6996.450195,7150.580078,154.1298829999996,2.15548782502565
2020-03-20,7248.069824,6879.52002,-368.5498040000002,-5.357202289237618
2020-03-23,6847.279785,6860.669922,13.390137000000323,0.19517244164541986
2020-03-24,7196.149902,7417.859863,221.70996099999957,2.9888669386419706
2020-03-25,7421.359863,7384.299805,-37.060058000000026,-0.5018763996405754
2020-03-26,7462.209961,7797.540039,335.33007800000087,4.300459841473356
2020-03-27,7554.25,7502.379883,-51.87011700000039,-0.6913821721762632
2020-03-30,7583.459961,7774.149902,190.68994100000054,2.4528719333150897
2020-03-31,7740.060059,7700.100098,-39.959961000000476,-0.5189537862031112
2020-04-01,7459.5,7360.580078,-98.91992200000004,-1.3439147587791522
2020-04-02,7317.450195,7487.310059,169.85986400000002,2.268636702120045
2020-04-03,7477.27002,7373.080078,-104.18994199999997,-1.4131128496879453
2020-04-06,7660.169922,7913.240234,253.07031199999983,3.198061786531626
2020-04-07,8129.990234,7887.259766,-242.73046799999975,-3.0775006174685657
2020-04-08,7975.720215,8090.899902,115.17968699999983,1.4235707819290708
2020-04-09,8169.009766,8153.580078,-15.42968800000017,-0.1892381978516722
2020-04-13,8127.689941,8192.419922,64.7299809999995,0.790120399299516
2020-04-14,8353.209961,8515.740234,162.5302730000003,1.908586553064182
2020-04-15,8355.959961,8393.179688,37.21972699999969,0.4434520453936419
2020-04-16,8479.110352,8532.360352,53.25,0.6240945975461305
2020-04-17,8667.480469,8650.139648,-17.340820999999778,-0.20046868265310783
2020-04-20,8553.379883,8560.730469,7.350586000000476,0.08586400455683446
2020-04-21,8460.69043,8263.230469,-197.45996100000048,-2.3896218523830752
2020-04-22,8434.549805,8495.379883,60.83007799999905,0.7160371735903814
2020-04-23,8528.839844,8494.75,-34.089844000000085,-0.40130485299744056
2020-04-24,8530.080078,8634.519531,104.43945299999905,1.2095572037915523
2020-04-27,8717.980469,8730.160156,12.17968699999983,0.13951275557790388
2020-04-28,8825.69043,8607.730469,-217.95996100000048,-2.5321420295972845
2020-04-29,8802.700195,8914.709961,112.00976600000104,1.256460013730345
2020-04-30,8911.019531,8889.549805,-21.469725999999355,-0.2415164600115467
2020-05-01,8681.290039,8604.950195,-76.33984400000008,-0.8871619506218431
2020-05-04,8555.320313,8710.709961,155.3896480000003,1.7838918836204871
2020-05-05,8809.660156,8809.120117,-0.5400389999995241,-0.006130453357734866
2020-05-06,8874.700195,8854.389648,-20.310546999999133,-0.22938393054101489
2020-05-07,8973.780273,8979.660156,5.879882999999609,0.06548001703684529
2020-05-08,9056.889648,9121.320313,64.43066499999986,0.7063743272799137
2020-05-11,9054.910156,9192.339844,137.42968800000017,1.4950457699810011
2020-05-12,9225.150391,9002.549805,-222.60058599999866,-2.472639316878499
2020-05-13,9006.049805,8863.169922,-142.87988300000143,-1.6120630006804628
2020-05-14,8788.040039,8943.719727,155.67968800000017,1.740659286650298
2020-05-15,8839.990234,9014.55957,174.56933599999866,1.9365265118548511
2020-05-18,9177.150391,9234.830078,57.67968700000165,0.6245885036630086
2020-05-19,9227.459961,9185.099609,-42.36035199999969,-0.4611855483689365
2020-05-20,9305.620117,9375.780273,70.16015599999992,0.7483127159245012
2020-05-21,9375.19043,9284.879883,-90.31054700000095,-0.9726625237807717
2020-05-22,9278.549805,9324.589844,46.040038999999524,0.49374867710266573
2020-05-26,9501.209961,9340.219727,-160.99023400000078,-1.723623626697158
2020-05-27,9346.120117,9412.360352,66.2402349999993,0.7037579578636101
2020-05-28,9392.990234,9368.990234,-24.0,-0.2561642119436112
2020-05-29,9382.349609,9489.870117,107.52050799999961,1.1330029460296733
2020-06-01,9471.419922,9552.049805,80.62988300000143,0.8441107892653144
2020-06-02,9566.530273,9608.379883,41.8496099999993,0.43555324112489924
2020-06-03,9651.860352,9682.910156,31.049804000000222,0.32066603427855067
2020-06-04,9649.650391,9615.80957,-33.84082099999978,-0.35192898479997436
2020-06-05,9703.540039,9814.080078,110.54003900000134,1.1263413190177287
2020-06-08,9823.44043,9924.75,101.30956999999944,1.0207770472807822
2020-06-09,9867.19043,9953.75,86.55956999999944,0.8696176817782186
2020-06-10,10012.320313,10020.349609,8.029296000000613,0.08012989878904946
2020-06-11,9791.240234,9492.730469,-298.5097650000007,-3.1446143548985317
2020-06-12,9715.870117,9588.80957,-127.06054700000095,-1.3250919842805988
2020-06-15,9426.900391,9726.019531,299.1191400000007,3.07545280005464
2020-06-16,9949.780273,9895.870117,-53.910155999999915,-0.5447742882901048
2020-06-17,9943.30957,9910.530273,-32.77929699999913,-0.330752200912016
2020-06-18,9892.480469,9943.049805,50.569336000000476,0.5085897887645195
2020-06-19,10042.129883,9946.120117,-96.00976599999922,-0.9652986779829699
2020-06-22,9945.490234,10056.480469,110.9902349999993,1.1036687769855131
2020-06-23,10130.830078,10131.370117,0.5400389999995241,0.0053303649334986
2020-06-24,10092.919922,9909.169922,-183.75,-1.8543430120422555
2020-06-25,9899.360352,10017.0,117.6396480000003,1.174400000000003
2020-06-26,9995.120117,9757.219727,-237.9003900000007,-2.4381985509836075
2020-06-29,9771.719727,9874.150391,102.43066399999952,1.0373617976627345
2020-06-30,9875.290039,10058.769531,183.4794920000004,1.8240749172603783
2020-07-01,10063.669922,10154.629883,90.95996100000048,0.8957486589666626
2020-07-02,10268.669922,10207.629883,-61.040038999999524,-0.597984445945252
2020-07-06,10360.379883,10433.650391,73.27050799999961,0.7022518989442303
2020-07-07,10412.459961,10343.889648,-68.57031300000017,-0.6629064629789269
2020-07-08,10409.349609,10492.5,83.15039099999922,0.79247453895639
2020-07-09,10563.719727,10547.75,-15.969726999999693,-0.1514041098812514
2020-07-10,10545.910156,10617.44043,71.53027400000065,0.6737054422070409
2020-07-13,10729.919922,10390.839844,-339.08007799999905,-3.2632595929750052
2020-07-14,10310.25,10488.580078,178.33007800000087,1.7002308861048947
2020-07-15,10576.719727,10550.490234,-26.22949299999891,-0.24860923443606223
2020-07-16,10443.870117,10473.830078,29.959961000000476,0.2860458951203588
2020-07-17,10500.519531,10503.19043,2.670899000000645,0.02542940659603603
2020-07-20,10526.019531,10767.089844,241.07031300000017,2.2389551540181256
2020-07-21,10837.879883,10680.360352,-157.51953099999992,-1.4748522129265318
2020-07-22,10687.580078,10706.129883,18.54980499999874,0.17326340332797122
2020-07-23,10689.5,10461.419922,-228.08007800000087,-2.180201920012373
2020-07-24,10294.410156,10363.179688,68.76953200000025,0.6635949010865038
2020-07-27,10421.700195,10536.269531,114.56933600000048,1.0873804591170768
2020-07-28,10509.200195,10402.089844,-107.11035099999935,-1.0297003064416077
2020-07-29,10474.700195,10542.94043,68.24023500000112,0.6472599883598235
2020-07-30,10450.120117,10587.80957,137.68945299999905,1.3004526771064608
2020-07-31,10741.469727,10745.269531,3.799804000000222,0.03536257502929846
2020-08-03,10848.639648,10902.799805,54.160157000000254,0.4967545765186161
2020-08-04,10897.889648,10941.169922,43.280273999998826,0.3955726335350377
2020-08-05,10967.870117,10998.400391,30.530273999998826,0.2775883120692876
2020-08-06,10989.980469,11108.070313,118.08984400000008,1.0630995363955982
2020-08-07,11072.530273,11010.980469,-61.54980400000022,-0.558985679552205
2020-08-10,11033.730469,10968.360352,-65.37011700000039,-0.5959880501927586
2020-08-11,10942.660156,10782.820313,-159.83984299999975,-1.4823565482890724
2020-08-12,10878.120117,11012.240234,134.1201170000004,1.2179185538098602
2020-08-13,11026.860352,11042.5,15.639648000000307,0.14163140593163057
2020-08-14,11042.240234,11019.299805,-22.940429000000222,-0.20818408978754727
2020-08-17,11083.25,11129.730469,46.480469000000085,0.4176243901814482
2020-08-18,11170.75,11210.839844,40.089844000000085,0.3575989360106328
2020-08-19,11214.799805,11146.459961,-68.33984400000008,-0.6131080561820723
2020-08-20,11096.400391,11264.950195,168.54980400000022,1.4962321278154593
2020-08-21,11258.44043,11311.799805,53.359375,0.47171427995405546
2020-08-24,11449.25,11379.719727,-69.5302730000003,-0.6110016298119353
2020-08-25,11370.230469,11466.469727,96.23925799999961,0.8393102697806444
2020-08-26,11516.620117,11665.05957,148.43945299999905,1.272513458754665
2020-08-27,11688.19043,11625.339844,-62.850586000000476,-0.5406343973027037
2020-08-28,11689.280273,11695.629883,6.349609999999302,0.054290449197855334
2020-08-31,11718.80957,11775.459961,56.650391000001036,0.48108856204025635
2020-09-01,11850.959961,11939.669922,88.70996099999866,0.7429850371034291
2020-09-02,12047.259766,12056.44043,9.180664000001343,0.076147384074964
2020-09-03,11861.900391,11458.099609,-403.80078199999843,-3.5241514367951976
2020-09-04,11396.240234,11313.129883,-83.11035100000117,-0.7346362311714403
2020-09-08,10900.700195,10847.69043,-53.00976499999888,-0.4886732834244319
2020-09-09,11064.759766,11141.55957,76.79980400000022,0.6893092795266563
2020-09-10,11235.530273,10919.589844,-315.9404290000002,-2.8933360457087165
2020-09-11,11010.070313,10853.549805,-156.5205079999996,-1.4421135095164341
2020-09-14,11010.139648,11056.650391,46.51074299999891,0.420658529981722
2020-09-15,11193.959961,11190.320313,-3.6396480000003066,-0.032524967098323906
2020-09-16,11222.080078,11050.469727,-171.61035100000117,-1.552968835168152
2020-09-17,10796.049805,10910.280273,114.23046799999975,1.0469984742984957
2020-09-18,10973.450195,10793.280273,-180.16992199999913,-1.6692786385868656
2020-09-21,10610.139648,10778.799805,168.66015700000025,1.5647396746506346
2020-09-22,10873.299805,10963.639648,90.33984299999975,0.8239950044005655
2020-09-23,10950.820313,10632.990234,-317.8300789999994,-2.989094055439902
2020-09-24,10551.019531,10672.269531,121.25,1.1361219808757845
2020-09-25,10680.459961,10913.55957,233.09960899999896,2.1358715046625156
2020-09-28,11084.379883,11117.530273,33.1503900000007,0.2981812433693986
2020-09-29,11109.0,11085.25,-23.75,-0.21424866376491283
2020-09-30,11092.900391,11167.509766,74.609375,0.6680932147214386
2020-10-01,11291.990234,11326.509766,34.519531999998435,0.30476760019771865
2020-10-02,11082.530273,11075.019531,-7.510742000000391,-0.06781696392477804
2020-10-05,11169.110352,11332.490234,163.3798820000011,1.441694443378605
2020-10-06,11314.530273,11154.599609,-159.93066399999952,-1.433764273089289
2020-10-07,11271.679688,11364.599609,92.91992100000061,0.8176259982482292
2020-10-08,11443.349609,11420.980469,-22.369140000000698,-0.19586006701191128
2020-10-09,11487.599609,11579.94043,92.34082099999978,0.7974205183368096
2020-10-12,11732.330078,11876.259766,143.92968799999835,1.211910911649542
2020-10-13,11901.759766,11863.900391,-37.859375,-0.3191140666413574
2020-10-14,11889.070313,11768.730469,-120.33984400000008,-1.0225388738147
2020-10-15,11559.879883,11713.870117,153.99023400000078,1.3145974170954757
2020-10-16,11761.830078,11671.55957,-90.27050800000143,-0.7734228442960467
2020-10-19,11732.339844,11478.879883,-253.45996100000048,-2.208054824019631
2020-10-20,11531.830078,11516.490234,-15.339844000000085,-0.13319894940484941
2020-10-21,11530.389648,11484.69043,-45.699217999999746,-0.39791423441963636
2020-10-22,11526.969727,11506.009766,-20.959961000000476,-0.18216533295440693
2020-10-23,11536.009766,11548.280273,12.27050700000109,0.10625397643569201
2020-10-26,11440.639648,11358.94043,-81.69921799999975,-0.7192503429653054
2020-10-27,11409.339844,11431.349609,22.009765000000698,0.1925386393805349
2020-10-28,11230.900391,11004.870117,-226.03027399999883,-2.053911328320303
2020-10-29,11064.469727,11185.589844,121.12011700000039,1.0828227987008638
2020-10-30,11103.469727,10911.589844,-191.8798829999996,-1.7584961104958448
2020-11-02,11010.450195,10957.610352,-52.839842999999746,-0.48222049609890844
2020-11-03,11038.660156,11160.570313,121.91015700000025,1.0923290977164264
2020-11-04,11443.769531,11590.780273,147.0107420000004,1.2683420661717895
2020-11-05,11816.330078,11890.929688,74.5996099999993,0.6273656640597512
2020-11-06,11869.900391,11895.230469,25.330078000000867,0.21294314612914178
2020-11-09,12046.660156,11713.780273,-332.8798829999996,-2.8417801533061042
2020-11-10,11622.44043,11553.860352,-68.58007800000087,-0.5935685209154316
2020-11-11,11656.650391,11786.429688,129.77929700000095,1.1010908344206376
2020-11-12,11802.5,11709.589844,-92.91015599999992,-0.7934535473726019
2020-11-13,11794.94043,11829.290039,34.349608999998964,0.2903776041229161
2020-11-16,11847.110352,11924.129883,77.01953099999992,0.6459132176160305
2020-11-17,11913.349609,11899.339844,-14.009765000000698,-0.11773564906682481
2020-11-18,11896.05957,11801.599609,-94.45996099999866,-0.800399641824509
2020-11-19,11779.040039,11904.709961,125.66992200000095,1.0556319508135639
2020-11-20,11892.700195,11854.969727,-37.730467999999746,-0.318267096997031
2020-11-23,11916.759766,11880.629883,-36.12988299999961,-0.30410747035978186
2020-11-24,11939.330078,12036.790039,97.45996099999866,0.8096839828909693
2020-11-25,12053.889648,12094.400391,40.51074299999891,0.33495453838410066
2020-11-27,12159.179688,12205.849609,46.66992100000061,0.38235700500183517
2020-11-30,12224.25,12198.740234,-25.509765999999217,-0.20911803604850182
2020-12-01,12313.360352,12355.110352,41.75,0.33791685230267215
2020-12-02,12285.75,12349.370117,63.62011700000039,0.5151689227649082
2020-12-03,12369.259766,12377.179688,7.919922000000952,0.06398809906330699
2020-12-04,12399.320313,12464.230469,64.91015599999992,0.520771468093751
2020-12-07,12461.0,12519.950195,58.95019499999944,0.47085007593354444
2020-12-08,12503.169922,12582.769531,79.59960900000078,0.63260801848029
2020-12-09,12591.69043,12338.950195,-252.74023500000112,-2.048312303768085
2020-12-10,12247.549805,12405.80957,158.25976499999888,1.2756907488142177
2020-12-11,12336.790039,12377.870117,41.08007800000087,0.331883253028974
2020-12-14,12447.44043,12440.040039,-7.4003910000010364,-0.05948848216565645
2020-12-15,12543.259766,12595.05957,51.79980400000022,0.41127081386245656
2020-12-16,12611.040039,12658.19043,47.150391000001036,0.3724891899892285
2020-12-17,12730.780273,12764.75,33.96972699999969,0.26612136547914916
2020-12-18,12804.929688,12755.639648,-49.29003999999986,-0.3864176267140646
2020-12-21,12596.139648,12742.519531,146.3798829999996,1.1487514901891
2020-12-22,12785.219727,12807.919922,22.70019499999944,0.17723560998384763
2020-12-23,12834.94043,12771.110352,-63.83007800000087,-0.49980053605914426
2020-12-24,12791.540039,12804.730469,13.19043000000056,0.10301216438670327
2020-12-28,12914.639648,12899.419922,-15.219726000001174,-0.11798767767877597
2020-12-29,12965.389648,12850.219727,-115.16992100000061,-0.8962486513597389
2020-12-30,12906.509766,12870.0,-36.50976599999922,-0.2836811655011594
2020-12-31,12877.089844,12888.280273,11.190429000000222,0.08682639392505569
2021-01-04,12958.519531,12698.450195,-260.0693360000005,-2.048039973432368
2021-01-05,12665.650391,12818.959961,153.30957000000126,1.1959595042532738
2021-01-06,12666.150391,12740.790039,74.6396480000003,0.5858321797276759
2021-01-07,12867.339844,13067.480469,200.140625,1.5315930678051815
2021-01-08,13160.219727,13201.980469,41.76074200000039,0.31632179806704114
2021-01-11,13048.780273,13036.429688,-12.350585000000137,-0.09473901440490888
2021-01-12,13062.05957,13072.429688,10.37011800000073,0.07932816046828776
2021-01-13,13088.009766,13128.950195,40.94042900000022,0.31183322651031065
2021-01-14,13174.75,13112.639648,-62.11035199999969,-0.47366780196291786
2021-01-15,13099.900391,12998.5,-101.40039099999922,-0.7800930184251968
2021-01-19,13132.730469,13197.179688,64.44921900000008,0.4883560012341334
2021-01-20,13342.549805,13457.25,114.70019499999944,0.8523301194523356
2021-01-21,13521.480469,13530.910156,9.42968699999983,0.06968996831169139
2021-01-22,13474.80957,13543.05957,68.25,0.503948163612781
2021-01-25,13681.209961,13635.990234,-45.21972699999969,-0.33162041204201476
2021-01-26,13681.719727,13626.05957,-55.660157000000254,-0.4084831474136896
2021-01-27,13486.580078,13270.599609,-215.98046900000008,-1.627511004502947
2021-01-28,13323.290039,13337.160156,13.870117000000391,0.10399602942280504
2021-01-29,13284.719727,13070.69043,-214.02929699999913,-1.6374750679486418
