index,tweet_count,Date,Open,Close,crecimiento,%,tweets
2016-10-20,78,2016-10-20,5238.200195,5241.830078,3.6298829999996087,0.0692483912295107,Más de 35
2016-05-18,47,2016-05-18,4705.779785,4739.120117,33.34033200000067,0.7035131243119042,Más de 35
2016-10-05,46,2016-10-05,5305.279785,5316.02002,10.740235000000212,0.2020352624631427,Más de 35
2016-09-27,43,2016-09-27,5254.180176,5305.709961,51.52978499999972,0.9712137560999958,Más de 35
2016-10-10,42,2016-10-10,5318.459961,5328.669922,10.209961000000476,0.1916043055669019,Más de 35
2019-10-09,35,2019-10-09,7895.959961,7903.740234,7.780273000000307,0.0984378632097678,Resto
2019-09-30,34,2019-09-30,7964.089844,7999.339844,35.25,0.4406613631553568,Resto
2019-10-14,32,2019-10-14,8044.350098,8048.649902,4.299804000000222,0.0534226740180582,Resto
2016-03-16,32,2016-03-16,4717.879883,4763.970215,46.09033200000067,0.9674773333989172,Resto
2016-02-25,29,2016-02-25,4554.72998,4582.200195,27.47021500000028,0.599498359542981,Resto
2016-02-26,28,2016-02-26,4615.140137,4590.470215,-24.66992200000004,-0.5374160128386769,Resto
2016-07-29,28,2016-07-29,5162.149902,5162.129883,-0.0200190000005022,-0.0003878050427678,Resto
2019-07-11,27,2019-07-11,8219.280273,8196.040039,-23.240234000000783,-0.2835544224944553,Resto
2019-12-02,27,2019-12-02,8672.839844,8567.990234,-104.8496099999993,-1.223736338819913,Resto
2019-11-01,27,2019-11-01,8335.049805,8386.400391,51.35058599999866,0.6123078270279865,Resto
2019-06-13,27,2019-06-13,7822.560059,7837.129883,14.569823999999244,0.185907650090163,Resto
2019-10-07,27,2019-10-07,7956.410156,7956.290039,-0.1201169999994817,-0.0015097111770774,Resto
2019-07-24,26,2019-07-24,8227.360352,8321.5,94.1396480000003,1.1312821967193452,Resto
2019-07-12,26,2019-07-12,8209.200195,8244.139648,34.93945300000087,0.4238095725183046,Resto
2019-05-13,26,2019-05-13,7720.069824,7647.02002,-73.04980400000022,-0.9552715150339076,Resto
2019-12-20,26,2019-12-20,8911.839844,8924.959961,13.120117000000391,0.1470047715321105,Resto
2019-12-18,26,2019-12-18,8834.650391,8827.740234,-6.910156999998435,-0.0782777564453471,Resto
2016-03-24,26,2016-03-24,4743.359863,4773.5,30.140137000000323,0.6314054048392232,Resto
2019-07-25,26,2019-07-25,8294.679688,8238.540039,-56.139649000000645,-0.6814271549843062,Resto
2019-10-03,25,2019-10-03,7787.02002,7872.259766,85.2397460000002,1.0827862460553896,Resto
2019-11-21,25,2019-11-21,8527.870117,8506.209961,-21.660155999999915,-0.2546393293759412,Resto
2019-09-16,25,2019-09-16,8121.640137,8153.540039,31.89990200000011,0.3912399012872513,Resto
2019-09-25,25,2019-09-25,7990.660156,8077.379883,86.7197269999997,1.073612090258547,Resto
2019-09-09,25,2019-09-09,8130.910156,8087.439941,-43.47021500000028,-0.5375027860129649,Resto
2019-05-22,25,2019-05-22,7749.799805,7750.839844,1.0400390000004336,0.0134184039527734,Resto
2016-02-23,24,2016-02-23,4550.049805,4503.580078,-46.46972699999969,-1.031839696311928,Resto
2019-09-27,24,2019-09-27,8047.109863,7939.629883,-107.47998000000008,-1.3537152434540012,Resto
2016-07-25,24,2016-07-25,5096.990234,5097.629883,0.6396489999997357,0.0125479686576087,Resto
2019-10-04,24,2019-10-04,7908.439941,7982.470215,74.03027400000065,0.9274105885279604,Resto
2019-08-23,24,2019-08-23,7943.649902,7751.77002,-191.87988200000015,-2.475304111253809,Resto
2019-07-03,24,2019-07-03,8129.569824,8170.22998,40.66015599999992,0.4976623191701136,Resto
2018-07-31,23,2018-07-31,7654.589844,7671.790039,17.20019500000035,0.2242005439742503,Resto
2019-12-12,23,2019-12-12,8645.360352,8717.320313,71.95996100000048,0.8254825842832428,Resto
2016-03-03,23,2016-03-03,4698.379883,4707.419922,9.040039000000434,0.1920380834892603,Resto
2019-05-10,23,2019-05-10,7881.310059,7916.939941,35.62988199999927,0.4500461322875567,Resto
2018-08-29,23,2018-08-29,8044.339844,8109.689941,65.35009699999955,0.805827318620535,Resto
2019-09-06,23,2019-09-06,8125.580078,8103.069824,-22.510253999999804,-0.2777990871228583,Resto
2019-11-04,22,2019-11-04,8445.5,8433.200195,-12.29980500000056,-0.1458497926717434,Resto
2019-07-30,22,2019-07-30,8231.769531,8273.610352,41.84082099999978,0.505714183045682,Resto
2019-10-23,22,2019-10-23,8090.240234,8119.790039,29.54980500000056,0.3639232647404734,Resto
2019-05-08,22,2019-05-08,7946.240234,7943.319824,-2.92040999999972,-0.0367656101568008,Resto
2016-06-03,22,2016-06-03,4958.100098,4942.52002,-15.580077999999958,-0.3152253898204737,Resto
2019-10-10,21,2019-10-10,7904.560059,7950.779785,46.21972599999936,0.5813231814972141,Resto
2019-10-08,21,2019-10-08,7898.27002,7823.779785,-74.49023500000021,-0.9521003536272232,Resto
2019-10-17,21,2019-10-17,8176.910156,8156.850098,-20.060058000000023,-0.245928976982409,Resto
2019-09-11,21,2019-09-11,8091.680176,8169.680176,78.0,0.9547497370722045,Resto
2018-12-07,21,2018-12-07,7163.490234,6969.25,-194.24023399999987,-2.787103834702441,Resto
2019-11-15,21,2019-11-15,8524.480469,8540.830078,16.349609000000783,0.1914288055222538,Resto
2019-12-13,21,2019-12-13,8713.910156,8734.879883,20.969726999999693,0.2400688650660371,Resto
2019-05-24,21,2019-05-24,7675.569824,7637.009766,-38.560058000000026,-0.5049104188876328,Resto
2016-03-08,20,2016-03-08,4676.220215,4648.819824,-27.400391000000127,-0.5894053122588845,Resto
2019-10-02,20,2019-10-02,7851.129883,7785.25,-65.87988299999961,-0.8462140971709272,Resto
2017-11-03,20,2017-11-03,6737.089844,6764.439941,27.35009699999955,0.4043216768653331,Resto
2016-03-15,20,2016-03-15,4731.140137,4728.669922,-2.4702150000002803,-0.0522391082639893,Resto
2016-07-27,20,2016-07-27,5143.839844,5139.810059,-4.02978499999972,-0.0784033836609081,Resto
2018-10-17,20,2018-10-17,7669.259766,7642.700195,-26.559570999999774,-0.3475155419203222,Resto
2018-08-17,20,2018-08-17,7786.640137,7816.330078,29.689940999999635,0.3798450257821831,Resto
2019-06-11,20,2019-06-11,7901.040039,7822.569824,-78.47021500000028,-1.0031257855858329,Resto
2016-03-29,20,2016-03-29,4756.549805,4846.620117,90.07031200000074,1.858414932997744,Resto
2016-02-12,20,2016-02-12,4307.290039,4337.509766,30.219726999999693,0.6967068348036936,Resto
2019-12-31,19,2019-12-31,8918.740234,8972.599609,53.859375,0.6002649995211661,Resto
2019-08-07,19,2019-08-07,7747.27002,7862.830078,115.56005800000004,1.46970056396531,Resto
2016-05-17,19,2016-05-17,4768.850098,4715.72998,-53.12011799999982,-1.1264452847234443,Resto
2019-10-30,19,2019-10-30,8284.280273,8303.980469,19.700195999999774,0.2372379857291759,Resto
2019-07-22,19,2019-07-22,8171.990234,8204.139648,32.149414000000434,0.3918681955619538,Resto
2019-08-21,19,2019-08-21,8017.069824,8020.209961,3.140136999999413,0.0391528029224796,Resto
2016-10-17,19,2016-10-17,5213.689941,5199.819824,-13.870116999999482,-0.2667422616449389,Resto
2016-03-02,19,2016-03-02,4683.799805,4703.419922,19.62011700000039,0.4171457646855711,Resto
2016-06-08,19,2016-06-08,4970.009766,4974.640137,4.630371000000196,0.0930795167586248,Resto
2019-04-15,19,2019-04-15,7987.160156,7976.009766,-11.150389999999788,-0.1397991016451795,Resto
2016-10-24,19,2016-10-24,5290.310059,5309.830078,19.520018999999596,0.3676204080593103,Resto
2018-12-21,19,2018-12-21,6573.490234,6332.990234,-240.5,-3.7975741492356136,Resto
2019-08-15,19,2019-08-15,7790.200195,7766.620117,-23.58007799999996,-0.3036079741866941,Resto
2016-05-09,19,2016-05-09,4736.350098,4750.209961,13.859862999999676,0.2917736924007869,Resto
2016-08-02,18,2016-08-02,5177.529785,5137.72998,-39.79980499999965,-0.7746573906166951,Resto
2018-06-05,18,2018-06-05,7621.359863,7637.859863,16.5,0.2160291010303916,Resto
2019-09-18,18,2019-09-18,8174.620117,8177.390137,2.7700199999999318,0.0338741328662613,Resto
2016-07-21,18,2016-07-21,5093.970215,5073.899902,-20.07031300000017,-0.3955598925412181,Resto
2016-02-19,18,2016-02-19,4464.669922,4504.430176,39.76025399999981,0.8826922040405007,Resto
2019-04-05,18,2019-04-05,7914.509766,7938.689941,24.180174999999508,0.3045864642618054,Resto
2017-07-25,18,2017-07-25,6407.589844,6412.169922,4.580077999999958,0.0714278950139144,Resto
2019-08-28,18,2019-08-28,7798.350098,7856.879883,58.52978499999972,0.7449494694024931,Resto
2018-10-30,18,2018-10-30,7017.870117,7161.649902,143.77978499999972,2.007634930043802,Resto
2018-08-30,18,2018-08-30,8094.200195,8088.359863,-5.840332000000672,-0.0722066290190317,Resto
2019-07-15,18,2019-07-15,8263.179688,8258.19043,-4.989257999999609,-0.0604158749097725,Resto
2018-06-13,18,2018-06-13,7713.899902,7695.700195,-18.19970699999976,-0.2364918920805199,Resto
2019-08-01,18,2019-08-01,8190.560059,8111.120117,-79.43994199999997,-0.9793954577679445,Resto
2019-06-26,18,2019-06-26,7933.919922,7909.970215,-23.94970699999976,-0.3027787254442874,Resto
2019-07-29,18,2019-07-29,8325.099609,8293.330078,-31.769530999999915,-0.3830732733558505,Resto
2016-02-22,18,2016-02-22,4548.310059,4570.609863,22.299803999999316,0.4878955909258561,Resto
2019-11-11,18,2019-11-11,8431.259766,8464.280273,33.02050700000109,0.3901159453017215,Resto
2016-10-25,17,2016-10-25,5306.470215,5283.399902,-23.07031300000017,-0.4366565739471479,Resto
2018-12-24,17,2018-12-24,6278.490234,6192.919922,-85.57031199999983,-1.3817442026985705,Resto
2019-04-02,17,2019-04-02,7824.609863,7848.689941,24.08007799999996,0.3068037873965489,Resto
2016-02-17,17,2016-02-17,4471.660156,4534.060059,62.39990300000045,1.3762478261869986,Resto
2019-08-30,17,2019-08-30,8015.160156,7962.879883,-52.28027300000031,-0.6565498132354574,Resto
2019-08-20,17,2019-08-20,7989.359863,7948.560059,-40.79980399999931,-0.5132980526932357,Resto
2018-06-21,17,2018-06-21,7800.299805,7712.950195,-87.3496099999993,-1.1325058219178517,Resto
2016-10-19,17,2016-10-19,5240.330078,5246.410156,6.080077999999958,0.1158902529388889,Resto
2018-08-14,17,2018-08-14,7847.879883,7870.890137,23.010254000000717,0.2923462734136332,Resto
2019-05-14,17,2019-05-14,7689.660156,7734.490234,44.83007799999996,0.5796125748912537,Resto
2016-05-25,17,2016-05-25,4877.180176,4894.890137,17.709961000000476,0.3618050764026877,Resto
2019-10-29,17,2019-10-29,8313.349609,8276.849609,-36.5,-0.4409890444343821,Resto
2019-04-22,17,2019-04-22,7969.370117,8015.27002,45.89990299999954,0.5726557294447772,Resto
2016-06-02,17,2016-06-02,4941.25,4971.359863,30.10986299999968,0.6056665345049007,Resto
2019-10-31,17,2019-10-31,8314.379883,8292.360352,-22.019530999999915,-0.2655399676967622,Resto
2018-10-16,17,2018-10-16,7501.779785,7645.490234,143.71044900000015,1.8796760521766191,Resto
2018-07-27,17,2018-07-27,7889.75,7737.419922,-152.33007799999996,-1.968745131266251,Resto
2019-11-07,17,2019-11-07,8455.110352,8434.519531,-20.590820999999774,-0.2441255951132823,Resto
2019-07-19,17,2019-07-19,8241.339844,8146.490234,-94.8496100000002,-1.164300297128426,Resto
2019-03-13,17,2019-03-13,7621.379883,7643.410156,22.030273000000307,0.2882257075097136,Resto
2018-09-05,17,2018-09-05,8073.529785,7995.169922,-78.35986299999968,-0.9800900264093184,Resto
2019-08-26,17,2019-08-26,7829.580078,7853.740234,24.160155999999915,0.3076261154577921,Resto
2019-07-10,17,2019-07-10,8183.189941,8202.530273,19.34033200000067,0.2357849511834489,Resto
2018-11-05,17,2018-11-05,7344.080078,7328.850098,-15.229980000000069,-0.2078085892922853,Resto
2016-02-24,17,2016-02-24,4453.930176,4542.609863,88.67968699999983,1.9521748438558315,Resto
2019-03-05,16,2019-03-05,7582.290039,7576.359863,-5.930176000000756,-0.0782721004180574,Resto
2019-04-23,16,2019-04-23,8026.75,8120.819824,94.06982400000015,1.1583784154647705,Resto
2019-05-31,16,2019-05-31,7470.950195,7453.149902,-17.800293000000238,-0.2388291290803591,Resto
2019-01-14,16,2019-01-14,6908.029785,6905.919922,-2.1098629999996774,-0.030551512670721,Resto
2019-06-27,16,2019-06-27,7939.359863,7967.759766,28.39990300000045,0.3564352319103347,Resto
2016-04-26,16,2016-04-26,4903.810059,4888.279785,-15.530274000000643,-0.3177042780500471,Resto
2016-07-06,16,2016-07-06,4799.319824,4859.160156,59.84033199999976,1.231495362961232,Resto
2019-10-16,16,2019-10-16,8119.810059,8124.180176,4.370116999999482,0.0537914830213815,Resto
2019-06-18,16,2019-06-18,7920.97998,7953.879883,32.89990299999954,0.4136333900429804,Resto
2016-06-23,16,2016-06-23,4872.189941,4910.040039,37.8500980000008,0.7708714735391345,Resto
2016-08-01,16,2016-08-01,5167.419922,5184.200195,16.780273000000307,0.3236810379387809,Resto
2019-01-31,16,2019-01-31,7208.169922,7281.740234,73.57031199999983,1.0103396940264957,Resto
2017-10-18,16,2017-10-18,6634.259766,6624.220215,-10.039550999999848,-0.1515582313713863,Resto
2018-05-23,16,2018-05-23,7335.029785,7425.959961,90.93017599999985,1.224490523481828,Resto
2019-05-20,16,2019-05-20,7714.060059,7702.379883,-11.680176000000756,-0.1516437280090558,Resto
2018-12-20,16,2018-12-20,6607.759766,6528.410156,-79.34961000000021,-1.2154507468724705,Resto
2019-10-15,16,2019-10-15,8074.850098,8148.709961,73.85986299999968,0.9063994589756597,Resto
2019-04-24,16,2019-04-24,8122.879883,8102.009766,-20.87011699999948,-0.2575918519325996,Resto
2019-09-05,16,2019-09-05,8061.290039,8116.830078,55.54003899999952,0.6842577516872779,Resto
2017-09-26,16,2017-09-26,6391.850098,6380.160156,-11.689941999999974,-0.1832233316119278,Resto
2018-10-25,16,2018-10-25,7197.490234,7318.339844,120.8496100000002,1.6513254723894757,Resto
2018-09-21,16,2018-09-21,8041.689941,7986.959961,-54.72998000000007,-0.6852416973071649,Resto
2019-08-13,16,2019-08-13,7852.370117,8016.359863,163.9897459999993,2.045688427198784,Resto
2019-12-16,16,2019-12-16,8791.30957,8814.230469,22.920899000000645,0.2600442441414978,Resto
2019-10-11,16,2019-10-11,8047.339844,8057.040039,9.700195000000347,0.1203940274970296,Resto
2018-06-07,16,2018-06-07,7697.410156,7635.069824,-62.34033199999976,-0.8164998282535649,Resto
2019-09-12,15,2019-09-12,8206.580078,8194.469727,-12.110351000001174,-0.1477868782661887,Resto
2019-11-06,15,2019-11-06,8426.570313,8410.629883,-15.94043000000056,-0.1895271843101809,Resto
2018-01-18,15,2018-01-18,7293.649902,7296.049805,2.39990299999954,0.03289318280633,Resto
2019-12-27,15,2019-12-27,9049.469727,9006.620117,-42.8496099999993,-0.4757568260164613,Resto
2016-10-18,15,2016-10-18,5255.319824,5243.839844,-11.479980000000069,-0.2189231620629195,Resto
2019-07-31,15,2019-07-31,8290.799805,8175.419922,-115.37988300000052,-1.411302221791862,Resto
2016-03-18,15,2016-03-18,4784.629883,4795.649902,11.020019000000502,0.2297919828427146,Resto
2018-09-20,15,2018-09-20,7993.529785,8028.22998,34.70019500000035,0.4322272167893271,Resto
2019-06-19,15,2019-06-19,7970.259766,7987.319824,17.060058000000026,0.2135892686898376,Resto
2019-12-24,15,2019-12-24,8955.009766,8952.879883,-2.1298829999996087,-0.0237899204259837,Resto
2018-06-06,15,2018-06-06,7652.799805,7689.240234,36.44042900000022,0.4739145597099343,Resto
2019-07-23,15,2019-07-23,8242.5,8251.400391,8.900390999999217,0.1078652177599706,Resto
2019-11-12,15,2019-11-12,8471.070313,8486.089844,15.019530999999915,0.1769900068948635,Resto
2019-12-17,15,2019-12-17,8829.469727,8823.360352,-6.109375,-0.0692409099965545,Resto
2016-05-11,15,2016-05-11,4799.299805,4760.689941,-38.609864000000016,-0.8110140437310202,Resto
2019-12-10,15,2019-12-10,8623.55957,8616.179688,-7.37988199999927,-0.0856514402813284,Resto
2018-06-26,15,2018-06-26,7553.740234,7561.629883,7.889648999999736,0.104337941979112,Resto
2018-07-26,15,2018-07-26,7848.040039,7852.180176,4.140136999999413,0.0527259551768009,Resto
2020-01-17,15,2020-01-17,9392.370117,9388.94043,-3.4296869999998307,-0.0365290101217505,Resto
2019-03-08,15,2019-03-08,7334.350098,7408.140137,73.79003900000043,0.9960669970517384,Resto
2019-09-04,15,2019-09-04,7949.810059,7976.879883,27.069823999999244,0.3393535366840529,Resto
2018-09-25,15,2018-09-25,8001.589844,8007.470215,5.880371000000196,0.0734360646010869,Resto
2020-01-09,15,2020-01-09,9202.269531,9203.429688,1.160157000000254,0.0126057028665404,Resto
2016-02-09,15,2016-02-09,4224.870117,4268.759766,43.889648999999736,1.028159264186612,Resto
2018-10-22,15,2018-10-22,7486.740234,7468.629883,-18.110351000000264,-0.2424855868306289,Resto
2017-08-07,15,2017-08-07,6361.060059,6383.77002,22.709960999999566,0.3557452873278722,Resto
2018-11-29,15,2018-11-29,7267.370117,7273.080078,5.709960999999566,0.0785081552624638,Resto
2016-10-11,15,2016-10-11,5321.819824,5246.790039,-75.02978499999972,-1.4300131021499736,Resto
2018-01-12,15,2018-01-12,7208.169922,7261.060059,52.89013700000032,0.7284079262564921,Resto
2017-11-30,15,2017-11-30,6852.799805,6873.970215,21.17041000000063,0.3079793676411883,Resto
2019-05-17,15,2019-05-17,7829.029785,7816.279785,-12.75,-0.1631210799857518,Resto
2016-08-09,15,2016-08-09,5216.209961,5225.47998,9.270019000000502,0.1774003351937156,Resto
2017-09-20,15,2017-09-20,6459.740234,6456.040039,-3.70019499999944,-0.0573136934970523,Resto
2016-03-07,15,2016-03-07,4690.879883,4708.25,17.37011700000039,0.3689293686614005,Resto
2018-06-28,15,2018-06-28,7438.109863,7503.680176,65.57031300000017,0.8738420543258528,Resto
2018-10-03,15,2018-10-03,8034.649902,8025.089844,-9.560058000000026,-0.1191271149088462,Resto
2016-10-27,15,2016-10-27,5272.189941,5215.970215,-56.21972599999936,-1.0778383250411132,Resto
2017-11-02,15,2017-11-02,6709.390137,6714.939941,5.5498039999993125,0.0826486022028787,Resto
2016-08-26,15,2016-08-26,5219.049805,5218.919922,-0.1298829999996087,-0.0024886950162254,Resto
2018-06-27,15,2018-06-27,7586.330078,7445.080078,-141.25,-1.8972260676871664,Resto
2019-09-24,15,2019-09-24,8147.22998,7993.629883,-153.60009700000046,-1.9215312598680705,Resto
2018-10-26,14,2018-10-26,7125.180176,7167.209961,42.02978499999972,0.5864176608290061,Resto
2019-10-22,14,2019-10-22,8188.120117,8104.299805,-83.82031200000074,-1.0342696348460263,Resto
2018-08-15,14,2018-08-15,7810.02002,7774.120117,-35.89990299999954,-0.461787346474049,Resto
2019-03-28,14,2019-03-28,7660.069824,7669.169922,9.100097999999887,0.1186581871643642,Resto
2016-05-10,14,2016-05-10,4768.910156,4809.879883,40.96972699999969,0.8517827471077347,Resto
2016-10-06,14,2016-10-06,5306.589844,5306.850098,0.2602539999998043,0.0049041144029654,Resto
2019-08-14,14,2019-08-14,7877.330078,7773.939941,-103.39013700000032,-1.3299580107985856,Resto
2016-02-03,14,2016-02-03,4543.819824,4504.240234,-39.57959000000028,-0.8787184506997653,Resto
2016-11-07,14,2016-11-07,5128.990234,5166.169922,37.17968800000017,0.7196760571438318,Resto
2018-08-21,14,2018-08-21,7840.089844,7859.169922,19.08007799999996,0.2427747228952197,Resto
2017-11-01,14,2017-11-01,6758.640137,6716.529785,-42.1103520000006,-0.6269659087054968,Resto
2019-01-22,14,2019-01-22,7109.569824,7020.359863,-89.20996100000048,-1.2707320242965223,Resto
2019-06-07,14,2019-06-07,7652.970215,7742.100098,89.12988299999961,1.1512365104014135,Resto
2016-07-12,14,2016-07-12,5017.990234,5022.819824,4.82959000000028,0.0961529612693564,Resto
2019-03-18,14,2019-03-18,7696.379883,7714.47998,18.10009700000046,0.2346249785717955,Resto
2019-02-25,14,2019-02-25,7585.299805,7554.459961,-30.839844000000085,-0.4082336018618298,Resto
2019-04-09,14,2019-04-09,7924.77002,7909.279785,-15.490235000000212,-0.1958488689371887,Resto
2019-10-18,14,2019-10-18,8149.850098,8089.540039,-60.310058999999455,-0.745531373962453,Resto
2016-07-28,14,2016-07-28,5144.819824,5154.97998,10.160155999999915,0.1970939953097532,Resto
2019-06-03,14,2019-06-03,7441.209961,7333.02002,-108.18994099999964,-1.4753804122302074,Resto
2016-03-23,14,2016-03-23,4813.870117,4768.859863,-45.01025400000072,-0.9438367931341478,Resto
2019-11-20,14,2019-11-20,8543.570313,8526.730469,-16.839844000000085,-0.1974947380033115,Resto
2019-05-06,14,2019-05-06,7981.850098,8123.290039,141.43994100000054,1.7411657139034296,Resto
2018-09-13,14,2018-09-13,7999.930176,8013.709961,13.77978499999972,0.1719526295194266,Resto
2017-11-29,14,2017-11-29,6907.279785,6824.390137,-82.8896479999994,-1.2146088710637175,Resto
2019-12-06,14,2019-12-06,8634.25,8656.530273,22.280273000000307,0.2573811018658735,Resto
2018-11-07,14,2018-11-07,7446.089844,7570.75,124.66015599999992,1.646602463428325,Resto
2018-10-31,14,2018-10-31,7276.620117,7305.899902,29.27978499999972,0.4007690413604536,Resto
2016-06-10,14,2016-06-10,4915.149902,4894.549805,-20.60009700000046,-0.4208782793252312,Resto
2019-11-05,14,2019-11-05,8446.620117,8434.679688,-11.940429000000222,-0.1415635144626516,Resto
2020-01-15,13,2020-01-15,9253.759766,9258.700195,4.940429000000222,0.0533598550114865,Resto
2016-04-08,13,2016-04-08,4883.990234,4850.689941,-33.30029300000024,-0.6865063198233441,Resto
2016-04-28,13,2016-04-28,4857.600098,4805.290039,-52.310058999999455,-1.0885931666028088,Resto
2016-11-01,13,2016-11-01,5199.77002,5153.580078,-46.18994199999997,-0.8962690265972418,Resto
2016-07-26,13,2016-07-26,5095.609863,5110.049805,14.439941999999974,0.2825792810447955,Resto
2016-02-29,13,2016-02-29,4585.299805,4557.950195,-27.349609999999306,-0.6000418791324529,Resto
2020-01-10,13,2020-01-10,9232.950195,9178.860352,-54.08984299999975,-0.5892871328869711,Resto
2019-07-09,13,2019-07-09,8061.410156,8141.72998,80.31982400000015,0.9865203611186348,Resto
2018-12-13,13,2018-12-13,7135.279785,7070.330078,-64.94970699999976,-0.9186234063116362,Resto
2016-06-09,13,2016-06-09,4954.149902,4958.620117,4.47021500000028,0.0901503824556899,Resto
2017-09-14,13,2017-09-14,6439.459961,6429.080078,-10.379882999999609,-0.1614520720548973,Resto
2018-12-11,13,2018-12-11,7121.660156,7031.830078,-89.83007799999996,-1.2774779396482447,Resto
2019-07-01,13,2019-07-01,8145.850098,8091.160156,-54.68994199999997,-0.6759221291577654,Resto
2019-11-13,13,2019-11-13,8455.019531,8482.099609,27.080078000000867,0.3192614947750358,Resto
2018-06-22,13,2018-06-22,7739.689941,7692.819824,-46.87011699999948,-0.6092709574943437,Resto
2019-03-01,13,2019-03-01,7587.450195,7595.350098,7.89990299999954,0.104009728295207,Resto
2016-03-17,13,2016-03-17,4752.620117,4774.990234,22.37011699999948,0.4684850838168119,Resto
2019-02-19,13,2019-02-19,7450.75,7486.77002,36.02001999999993,0.4811156200040445,Resto
2017-10-27,13,2017-10-27,6635.029785,6701.259766,66.22998100000041,0.9883213502038776,Resto
2019-08-06,13,2019-08-06,7804.509766,7833.27002,28.760253999999804,0.367155146274401,Resto
2019-11-22,13,2019-11-22,8530.540039,8519.879883,-10.660155999999915,-0.1251209658632685,Resto
2016-02-18,13,2016-02-18,4548.100098,4487.540039,-60.560058999999455,-1.3495157363207528,Resto
2018-04-03,13,2018-04-03,6924.350098,6941.279785,16.92968699999983,0.2438986400834126,Resto
2016-07-14,13,2016-07-14,5041.950195,5034.060059,-7.890135999999984,-0.1567350390644193,Resto
2018-07-18,13,2018-07-18,7859.430176,7854.439941,-4.990235000000212,-0.0635339379699282,Resto
2018-01-02,13,2018-01-02,6937.649902,7006.899902,69.25,0.9883115353229716,Resto
2019-07-18,13,2019-07-18,8151.759766,8207.240234,55.480468000000656,0.6759942004641538,Resto
2019-05-21,13,2019-05-21,7765.569824,7785.720215,20.150391000000127,0.2588121643669946,Resto
2017-01-20,13,2017-01-20,5556.870117,5555.330078,-1.5400390000004336,-0.0277218271169743,Resto
2019-09-10,13,2019-09-10,8049.97998,8084.160156,34.18017599999985,0.4228042906180129,Resto
2018-02-20,13,2018-02-20,7209.029785,7234.310059,25.280274000000645,0.3494496889658492,Resto
2016-11-08,13,2016-11-08,5154.990234,5193.490234,38.5,0.7413126484373399,Resto
2017-10-11,13,2017-10-11,6586.72998,6603.549805,16.819824999999582,0.2547088383775668,Resto
2019-12-26,13,2019-12-26,8970.209961,9022.389648,52.17968699999983,0.5783355522842725,Resto
2018-11-06,13,2018-11-06,7326.069824,7375.959961,49.89013699999941,0.6763883923420259,Resto
2016-08-22,13,2016-08-22,5231.459961,5244.600098,13.140137000000324,0.2505460236141025,Resto
2016-11-02,13,2016-11-02,5147.279785,5105.569824,-41.709960999999566,-0.8169501630147438,Resto
2016-02-02,13,2016-02-02,4588.689941,4516.950195,-71.73974599999929,-1.588234160283879,Resto
2017-10-31,13,2017-10-31,6713.709961,6727.669922,13.959961000000476,0.2075006824331605,Resto
2019-09-26,13,2019-09-26,8070.120117,8030.660156,-39.45996100000048,-0.4913663414148897,Resto
2019-01-18,13,2019-01-18,7134.100098,7157.22998,23.12988200000018,0.3231680701141893,Resto
2019-05-30,13,2019-05-30,7565.459961,7567.720215,2.260254000000714,0.0298670396868089,Resto
2017-09-27,13,2017-09-27,6414.370117,6453.259766,38.889648999999736,0.6026357284561189,Resto
2018-08-23,13,2018-08-23,7886.470215,7878.459961,-8.010254000000714,-0.1016728401191745,Resto
2018-09-11,13,2018-09-11,7894.870117,7972.470215,77.60009799999989,0.9733507420823884,Resto
2019-09-03,13,2019-09-03,7906.439941,7874.160156,-32.27978499999972,-0.4099457511719897,Resto
2018-10-18,13,2018-10-18,7616.470215,7485.140137,-131.33007799999996,-1.7545440111510897,Resto
2019-10-01,13,2019-10-01,8026.830078,7908.680176,-118.14990200000013,-1.4939269179014545,Resto
2017-04-27,13,2017-04-27,6038.470215,6048.939941,10.469725999999357,0.173083649401692,Resto
2016-04-20,12,2016-04-20,4941.990234,4948.129883,6.139648999999736,0.12408019080286,Resto
2016-03-22,12,2016-03-22,4783.600098,4821.660156,38.060058000000026,0.7893558809332233,Resto
2016-03-04,12,2016-03-04,4715.759766,4717.02002,1.2602539999998044,0.0267171645372792,Resto
2018-11-09,12,2018-11-09,7468.509766,7406.899902,-61.609864000000016,-0.8317901526300391,Resto
2019-08-08,12,2019-08-08,7921.589844,8039.160156,117.57031199999984,1.4624700804380868,Resto
2016-09-15,12,2016-09-15,5178.100098,5249.689941,71.58984299999975,1.3636965955052724,Resto
2019-08-02,12,2019-08-02,8056.419922,8004.069824,-52.35009799999989,-0.6540434947609959,Resto
2019-06-10,12,2019-06-10,7798.870117,7823.169922,24.29980499999965,0.3106132839025358,Resto
2018-09-10,12,2018-09-10,7939.569824,7924.160156,-15.409668000000238,-0.1944643684205748,Resto
2018-10-19,12,2018-10-19,7530.160156,7449.029785,-81.1303710000002,-1.089140107391854,Resto
2016-09-01,12,2016-09-01,5218.279785,5227.209961,8.930175999999847,0.170840200922242,Resto
2019-08-27,12,2019-08-27,7908.779785,7826.950195,-81.82958999999937,-1.0454849968545044,Resto
2019-07-02,12,2019-07-02,8086.649902,8109.089844,22.439941999999974,0.2767257784990941,Resto
2017-07-26,12,2017-07-26,6425.930176,6422.75,-3.1801759999998467,-0.0495142423416736,Resto
2018-06-18,12,2018-06-18,7692.959961,7747.029785,54.06982400000015,0.6979426373794451,Resto
2019-07-26,12,2019-07-26,8294.299805,8330.209961,35.910155999999915,0.4310834440923153,Resto
2017-10-25,12,2017-10-25,6587.220215,6563.890137,-23.33007799999996,-0.3554306594574247,Resto
2018-05-31,12,2018-05-31,7455.580078,7442.120117,-13.459960999999566,-0.1808619155347014,Resto
2019-03-14,12,2019-03-14,7644.790039,7630.910156,-13.879883000000518,-0.1818902688703143,Resto
2016-05-20,12,2016-05-20,4729.439941,4769.560059,40.12011800000073,0.8411702023606016,Resto
2016-04-19,12,2016-04-19,4968.299805,4940.330078,-27.969726999999693,-0.5661509769266817,Resto
2018-09-17,12,2018-09-17,7992.209961,7895.790039,-96.41992199999912,-1.2211561037432384,Resto
2018-09-18,12,2018-09-18,7903.569824,7956.109863,52.54003899999952,0.6603734727738956,Resto
2016-09-08,12,2016-09-08,5269.959961,5259.47998,-10.479980999999498,-0.1992588818638206,Resto
2019-06-06,12,2019-06-06,7582.240234,7615.549805,33.30957099999978,0.4373889194202411,Resto
2017-01-06,12,2017-01-06,5499.080078,5521.060059,21.979981000000407,0.3981116083707577,Resto
2016-05-06,12,2016-05-06,4695.899902,4736.160156,40.26025399999981,0.8500610763552018,Resto
2016-02-11,12,2016-02-11,4218.810059,4266.839844,48.02978499999972,1.1256523974655122,Resto
2018-06-20,12,2018-06-20,7764.149902,7781.509766,17.359864000000016,0.223091206231611,Resto
2016-10-28,12,2016-10-28,5203.700195,5190.100098,-13.60009700000046,-0.2620392043159484,Resto
2018-07-03,12,2018-07-03,7593.629883,7502.669922,-90.95996099999957,-1.2123678896399084,Resto
2019-10-25,12,2019-10-25,8150.589844,8243.120117,92.5302730000003,1.1225151603598826,Resto
2019-12-09,12,2019-12-09,8650.860352,8621.830078,-29.030273999998823,-0.3367066357996811,Resto
2016-08-29,12,2016-08-29,5223.799805,5232.330078,8.530273000000307,0.1630301007932761,Resto
2018-07-24,12,2018-07-24,7914.350098,7840.77002,-73.58007799999996,-0.9384292335104092,Resto
2019-03-15,12,2019-03-15,7658.410156,7688.529785,30.119628999999804,0.3917475751835148,Resto
2017-09-15,12,2017-09-15,6426.160156,6448.470215,22.310059000000365,0.345974444421007,Resto
2018-08-01,12,2018-08-01,7701.819824,7707.290039,5.47021500000028,0.0709745574945305,Resto
2018-10-23,12,2018-10-23,7328.549805,7437.540039,108.99023400000078,1.4654070220596065,Resto
2018-08-16,12,2018-08-16,7826.950195,7806.52002,-20.430175000000418,-0.2617065599993224,Resto
2019-01-30,12,2019-01-30,7094.790039,7183.080078,88.29003899999952,1.2291390050127675,Resto
2018-11-13,12,2018-11-13,7230.689941,7200.870117,-29.819823999999244,-0.4141141766965055,Resto
2018-06-25,12,2018-06-25,7631.120117,7532.009766,-99.11035100000026,-1.3158553172274294,Resto
2017-08-17,12,2017-08-17,6322.720215,6221.910156,-100.81005900000036,-1.6202429233534623,Resto
2019-08-19,12,2019-08-19,8006.180176,8002.810059,-3.3701169999994818,-0.042111670465169,Resto
2016-09-14,12,2016-09-14,5160.209961,5173.77002,13.560059000000363,0.2620924190209824,Resto
2019-08-29,12,2019-08-29,7945.779785,7973.390137,27.610352000000603,0.3462812119511944,Resto
2016-08-10,12,2016-08-10,5227.950195,5204.580078,-23.37011700000039,-0.4490298285309693,Resto
2018-12-03,12,2018-12-03,7486.129883,7441.509766,-44.62011699999948,-0.5996110789757644,Resto
2017-11-08,12,2017-11-08,6764.850098,6789.120117,24.270019000000502,0.3574840123866452,Resto
2018-07-19,12,2018-07-19,7829.799805,7825.299805,-4.5,-0.0575057839589061,Resto
2016-09-30,12,2016-09-30,5288.870117,5312.0,23.12988299999961,0.4354270143072215,Resto
2019-09-17,12,2019-09-17,8148.649902,8186.02002,37.37011799999982,0.4565114415637579,Resto
2017-10-12,12,2017-10-12,6594.759766,6591.509766,-3.25,-0.0493058512446418,Resto
2016-06-24,12,2016-06-24,4715.790039,4707.97998,-7.810059000000365,-0.1658898090726453,Resto
2019-07-17,12,2019-07-17,8224.0,8185.209961,-38.790039000000434,-0.4739040193815797,Resto
2019-05-23,12,2019-05-23,7660.720215,7628.279785,-32.44043000000056,-0.4252653404741441,Resto
2016-06-21,12,2016-06-21,4845.080078,4843.759766,-1.3203119999998307,-0.0272579992357909,Resto
2017-03-03,11,2017-03-03,5854.27002,5870.75,16.47998000000007,0.2807133671166387,Resto
2017-08-25,11,2017-08-25,6293.810059,6265.640137,-28.16992200000004,-0.4495936789227708,Resto
2017-06-22,11,2017-06-22,6239.149902,6236.689941,-2.459961000000476,-0.0394433749837184,Resto
2018-09-12,11,2018-09-12,7958.870117,7954.22998,-4.640137000000323,-0.0583354644216651,Resto
2018-08-24,11,2018-08-24,7907.810059,7945.97998,38.1699209999997,0.4803676965720181,Resto
2018-07-23,11,2018-07-23,7806.930176,7841.870117,34.939941000000545,0.4455562318515833,Resto
2016-11-22,11,2016-11-22,5384.75,5386.350098,1.600097999999889,0.0297065354254269,Resto
2019-10-21,11,2019-10-21,8137.419922,8162.990234,25.57031199999983,0.3132468772717122,Resto
2018-06-04,11,2018-06-04,7570.080078,7606.459961,36.37988299999961,0.4782761387889676,Resto
2019-12-11,11,2019-12-11,8631.120117,8654.049805,22.92968800000017,0.2649590482683866,Resto
2019-12-19,11,2019-12-19,8838.969727,8887.219727,48.25,0.5429144488620339,Resto
2016-06-30,11,2016-06-30,4793.75,4842.669922,48.91992200000004,1.0101849349211136,Resto
2019-02-08,11,2019-02-08,7232.299805,7298.200195,65.9003900000007,0.9029676939411594,Resto
2018-07-10,11,2018-07-10,7770.629883,7759.200195,-11.42968799999926,-0.1473049761928363,Resto
2017-09-22,11,2017-09-22,6401.439941,6426.919922,25.479981000000407,0.3964571102368934,Resto
2018-11-30,11,2018-11-30,7279.299805,7330.540039,51.24023400000078,0.6989967141219072,Resto
2016-08-25,11,2016-08-25,5207.609863,5212.200195,4.590332000000672,0.0880689886855098,Resto
2018-08-02,11,2018-08-02,7659.52002,7802.689941,143.1699209999997,1.834879023549293,Resto
2019-11-14,11,2019-11-14,8461.05957,8479.019531,17.959961000000476,0.2118164834311015,Resto
2016-08-17,11,2016-08-17,5228.439941,5228.660156,0.2202150000002802,0.0042116908238447,Resto
2016-05-24,11,2016-05-24,4792.850098,4861.060059,68.20996100000048,1.403191077092604,Resto
2016-11-30,11,2016-11-30,5391.350098,5323.680176,-67.66992200000004,-1.2711117077443317,Resto
2017-01-03,11,2017-01-03,5425.620117,5429.080078,3.4599609999995664,0.0637301522594997,Resto
2016-06-27,11,2016-06-27,4664.430176,4594.439941,-69.99023500000021,-1.523368155831558,Resto
2018-10-09,11,2018-10-09,7728.509766,7738.02002,9.510253999999804,0.1229029386770674,Resto
2016-06-28,11,2016-06-28,4643.930176,4691.870117,47.93994100000055,1.021766157300482,Resto
2019-06-05,11,2019-06-05,7585.680176,7575.47998,-10.200195999999778,-0.1346475210406374,Resto
2017-01-04,11,2017-01-04,5440.910156,5477.0,36.089844000000085,0.6589345262004762,Resto
2018-05-07,11,2018-05-07,7241.819824,7265.209961,23.390136999999413,0.3219471581077326,Resto
2018-09-07,11,2018-09-07,7878.790039,7902.540039,23.75,0.300536281787765,Resto
2017-01-17,11,2017-01-17,5555.160156,5538.72998,-16.430175999999847,-0.2966415777502814,Resto
2018-04-18,11,2018-04-18,7292.379883,7295.240234,2.8603510000002643,0.0392084552153524,Resto
2019-12-05,11,2019-12-05,8587.929688,8570.700195,-17.22949300000073,-0.2010278344592209,Resto
2016-04-27,11,2016-04-27,4855.379883,4863.140137,7.760254000000714,0.1595729051885373,Resto
2019-11-18,11,2019-11-18,8529.160156,8549.94043,20.780274000000645,0.243045833712325,Resto
2016-07-01,11,2016-07-01,4837.180176,4862.569824,25.389648000000307,0.5221446461228297,Resto
2016-05-02,11,2016-05-02,4786.549805,4817.589844,31.040039000000437,0.6443063856641681,Resto
2019-03-29,11,2019-03-29,7726.709961,7729.319824,2.609863000000587,0.0337657524779451,Resto
2017-11-07,11,2017-11-07,6785.439941,6767.779785,-17.660155999999915,-0.2609446016423525,Resto
2017-02-08,11,2017-02-08,5662.950195,5682.450195,19.5,0.3431618286273427,Resto
2018-11-21,11,2018-11-21,6985.509766,6972.25,-13.259766000000129,-0.1901791530711051,Resto
2019-04-30,11,2019-04-30,8104.910156,8095.390137,-9.520018999999593,-0.117598026023333,Resto
2018-05-01,11,2018-05-01,7053.649902,7130.700195,77.05029300000024,1.0805431569543114,Resto
2018-08-13,11,2018-08-13,7848.0,7819.709961,-28.290039000000437,-0.3617786227506403,Resto
2016-05-04,11,2016-05-04,4735.279785,4725.640137,-9.639647999999395,-0.2039860785108148,Resto
2018-04-27,11,2018-04-27,7195.52002,7119.799805,-75.72021500000028,-1.063516068904416,Resto
2017-10-13,11,2017-10-13,6613.209961,6605.799805,-7.410155999999915,-0.1121765148618504,Resto
2018-12-19,11,2018-12-19,6777.589844,6636.830078,-140.75976600000013,-2.120888501674852,Resto
2017-12-22,11,2017-12-22,6958.02002,6959.959961,1.939940999999635,0.027872875862362,Resto
2016-04-01,11,2016-04-01,4842.549805,4914.540039,71.99023400000078,1.4648417436568324,Resto
2016-06-13,11,2016-06-13,4868.509766,4848.439941,-20.06982500000049,-0.4139439746439564,Resto
2016-04-11,11,2016-04-11,4873.390137,4833.399902,-39.99023500000021,-0.8273727771511883,Resto
2018-08-22,11,2018-08-22,7844.040039,7889.100098,45.060058999999455,0.5711685545911989,Resto
2016-08-12,11,2016-08-12,5219.660156,5232.890137,13.229981000000407,0.2528235956351477,Resto
2019-05-03,11,2019-05-03,8092.879883,8164.0,71.12011700000039,0.8711430303772708,Resto
2019-02-01,11,2019-02-01,7256.370117,7263.870117,7.5,0.1032507448398254,Resto
2018-07-25,11,2018-07-25,7839.089844,7932.240234,93.1503899999998,1.1743263851330277,Resto
2020-01-03,10,2020-01-03,8976.429688,9020.769531,44.33984299999975,0.4915306044304231,Resto
2019-01-10,10,2019-01-10,6908.649902,6986.069824,77.41992200000004,1.1082042400153378,Resto
2017-08-23,10,2017-08-23,6263.470215,6278.410156,14.939940999999637,0.2379573909443012,Resto
2017-08-16,10,2017-08-16,6348.109863,6345.109863,-3.0,-0.0472805052201505,Resto
2018-02-28,10,2018-02-28,7371.410156,7273.009766,-98.4003899999998,-1.3529528099907653,Resto
2020-01-13,10,2020-01-13,9213.719727,9273.929688,60.20996100000048,0.6492389205614654,Resto
2016-02-08,10,2016-02-08,4288.02002,4283.75,-4.270019999999931,-0.0996794864312794,Resto
2019-08-16,10,2019-08-16,7828.350098,7895.990234,67.64013599999998,0.8566390534368027,Resto
2017-10-20,10,2017-10-20,6633.370117,6629.049805,-4.32031200000074,-0.0651724172707545,Resto
2019-03-22,10,2019-03-22,7800.25,7642.669922,-157.58007799999996,-2.0618459204471704,Resto
2017-07-03,10,2017-07-03,6173.290039,6110.060059,-63.22998000000007,-1.0348503842750862,Resto
2017-07-24,10,2017-07-24,6387.819824,6410.810059,22.99023500000021,0.3586166925617256,Resto
2017-09-21,10,2017-09-21,6448.569824,6422.689941,-25.87988300000052,-0.4029446110233849,Resto
2016-09-06,10,2016-09-06,5260.0,5275.910156,15.910155999999915,0.3015622997655898,Resto
2018-02-22,10,2018-02-22,7252.459961,7210.089844,-42.37011699999948,-0.5876503333069907,Resto
2016-03-11,10,2016-03-11,4712.379883,4748.470215,36.09033200000067,0.7600412420403203,Resto
2018-08-08,10,2018-08-08,7880.0,7888.330078,8.330077999999958,0.1056000182247946,Resto
2018-05-18,10,2018-05-18,7364.339844,7354.339844,-10.0,-0.1359741351653534,Resto
2017-06-30,10,2017-06-30,6166.839844,6140.419922,-26.41992200000004,-0.4302624630824074,Resto
2016-10-31,10,2016-10-31,5205.089844,5189.140137,-15.949706999999762,-0.3073670507811872,Resto
2016-05-16,10,2016-05-16,4728.859863,4775.459961,46.60009799999989,0.9758242845835032,Resto
2019-03-04,10,2019-03-04,7636.620117,7577.569824,-59.05029300000024,-0.7792774513667119,Resto
2018-05-03,10,2018-05-03,7065.029785,7088.149902,23.12011700000039,0.3261798539768014,Resto
2017-08-24,10,2017-08-24,6294.819824,6271.330078,-23.4897460000002,-0.3745576410082907,Resto
2018-06-15,10,2018-06-15,7725.029785,7746.379883,21.35009799999989,0.2756138779980859,Resto
2018-05-24,10,2018-05-24,7421.990234,7424.430176,2.4399419999999736,0.0328636938076037,Resto
2020-01-16,10,2020-01-16,9313.450195,9357.129883,43.67968800000017,0.4668064732045375,Resto
2019-04-12,10,2019-04-12,7984.149902,7984.160156,0.0102539999998043,0.0001284292874823,Resto
2019-07-08,10,2019-07-08,8112.910156,8098.379883,-14.530273000000308,-0.1794219734060888,Resto
2017-09-07,10,2017-09-07,6402.939941,6397.870117,-5.069823999999244,-0.0792423714030711,Resto
2017-07-28,10,2017-07-28,6350.27002,6374.680176,24.410155999999915,0.38292361853543,Resto
2018-11-26,10,2018-11-26,7026.5,7081.850098,55.35009799999989,0.7815768088007317,Resto
2017-10-26,10,2017-10-26,6567.589844,6556.77002,-10.819824000000152,-0.1650175920002781,Resto
2016-09-20,10,2016-09-20,5256.189941,5241.350098,-14.839842999999746,-0.2831301615525043,Resto
2017-11-10,10,2017-11-10,6736.390137,6750.939941,14.549803999999313,0.2155226402124396,Resto
2016-06-06,10,2016-06-06,4950.459961,4968.709961,18.25,0.3672985572361124,Resto
2018-02-23,10,2018-02-23,7261.350098,7337.390137,76.04003900000043,1.0363363209563574,Resto
2019-11-26,10,2019-11-26,8635.400391,8647.929688,12.529297000000952,0.1448820405811901,Resto
2018-04-12,10,2018-04-12,7112.02002,7140.25,28.22998000000007,0.3953640278701735,Resto
2018-04-19,10,2018-04-19,7258.609863,7238.060059,-20.549803999999316,-0.283913145683934,Resto
2018-12-31,10,2018-12-31,6649.52002,6635.279785,-14.240235000000212,-0.2146139343241004,Resto
2018-10-02,10,2018-10-02,8024.470215,7999.549805,-24.92041000000063,-0.3115226557427581,Resto
2019-07-16,10,2019-07-16,8251.660156,8222.799805,-28.860350999999355,-0.3509796138104976,Resto
2016-11-29,10,2016-11-29,5370.97998,5379.919922,8.939941999999974,0.1661723990247893,Resto
2019-03-27,10,2019-03-27,7702.049805,7643.379883,-58.66992200000004,-0.7675913391468423,Resto
2017-11-15,10,2017-11-15,6700.680176,6706.209961,5.52978499999972,0.0824576777667,Resto
2018-11-15,10,2018-11-15,7112.830078,7259.029785,146.19970699999976,2.0140392219095955,Resto
2018-07-12,10,2018-07-12,7752.709961,7823.919922,71.20996100000048,0.9101570786756894,Resto
2017-02-15,10,2017-02-15,5777.899902,5819.439941,41.54003899999952,0.7138150650432071,Resto
2017-09-29,10,2017-09-29,6461.279785,6495.959961,34.68017599999985,0.5338729950339952,Resto
2019-03-19,10,2019-03-19,7747.399902,7723.950195,-23.44970699999976,-0.3035973356635524,Resto
2019-01-24,10,2019-01-24,7042.25,7073.459961,31.209960999999566,0.4412262340082195,Resto
2019-08-05,10,2019-08-05,7823.330078,7726.040039,-97.29003899999952,-1.2592484443374954,Resto
2019-03-20,10,2019-03-20,7721.950195,7728.970215,7.020019999999931,0.0908273651563028,Resto
2017-06-29,10,2017-06-29,6215.490234,6144.350098,-71.14013599999998,-1.1578138430483684,Resto
2017-03-31,10,2017-03-31,5905.629883,5911.740234,6.110351000000264,0.1033595990036571,Resto
2016-03-09,10,2016-03-09,4666.419922,4674.379883,7.959960999999566,0.1702891335158428,Resto
2019-07-05,9,2019-07-05,8123.279785,8161.790039,38.51025400000072,0.4718358817855484,Resto
2018-08-27,9,2018-08-27,7989.640137,8017.899902,28.25976499999979,0.352458441055751,Resto
2016-04-29,9,2016-04-29,4805.790039,4775.359863,-30.43017600000076,-0.6372331483492379,Resto
2019-06-14,9,2019-06-14,7807.189941,7796.660156,-10.52978499999972,-0.1350550721631289,Resto
2018-10-04,9,2018-10-04,7993.330078,7879.509766,-113.82031199999984,-1.4445100695367274,Resto
2018-03-02,9,2018-03-02,7099.540039,7257.870117,158.33007799999996,2.1814950591241056,Resto
2017-12-18,9,2017-12-18,6980.399902,6994.759766,14.359864000000016,0.205294598819536,Resto
2019-08-09,9,2019-08-09,7997.189941,7959.140137,-38.04980399999931,-0.4780642549955307,Resto
2017-08-04,9,2017-08-04,6350.790039,6351.560059,0.7700199999999313,0.0121233207723326,Resto
2019-05-01,9,2019-05-01,8132.930176,8049.640137,-83.29003899999952,-1.03470512448325,Resto
2019-04-17,9,2019-04-17,8044.970215,7996.080078,-48.89013700000032,-0.6114263054282574,Resto
2017-04-18,9,2017-04-18,5838.589844,5849.470215,10.880371000000196,0.1860060928611839,Resto
2017-08-15,9,2017-08-15,6350.509766,6333.009766,-17.5,-0.276329907052286,Resto
2016-07-20,9,2016-07-20,5061.600098,5089.930176,28.33007799999996,0.5565907000764319,Resto
2017-11-24,9,2017-11-24,6878.109863,6889.160156,11.050293000000238,0.1604011628380589,Resto
2017-05-12,9,2017-05-12,6119.27002,6121.22998,1.9599600000001371,0.0320190550984679,Resto
2016-09-29,9,2016-09-29,5311.310059,5269.149902,-42.160157000000254,-0.8001320475623138,Resto
2018-06-19,9,2018-06-19,7658.470215,7725.589844,67.1196289999998,0.8687961742122199,Resto
2016-02-04,9,2016-02-04,4492.47998,4509.560059,17.080079000000296,0.3787526671457131,Resto
2019-09-23,9,2019-09-23,8106.490234,8112.459961,5.969726999999693,0.073587136684787,Resto
2019-04-18,9,2019-04-18,7998.450195,7998.060059,-0.390135999999984,-0.0048778828506166,Resto
2016-03-01,9,2016-03-01,4596.009766,4689.600098,93.59033199999976,1.9956996341737916,Resto
2017-07-14,9,2017-07-14,6289.080078,6312.470215,23.390137000000323,0.3705385721174499,Resto
2018-04-02,9,2018-04-02,7016.169922,6870.120117,-146.04980499999965,-2.1258697448186066,Resto
2019-09-20,9,2019-09-20,8184.879883,8117.669922,-67.20996099999957,-0.8279464630343166,Resto
2018-12-18,9,2018-12-18,6809.819824,6783.910156,-25.90966800000024,-0.3819282302417366,Resto
2018-03-28,9,2018-03-28,6978.299805,6949.22998,-29.069824999999582,-0.4183172104486831,Resto
2019-05-02,9,2019-05-02,8046.47998,8036.77002,-9.709960000000136,-0.1208191845210986,Resto
2017-06-28,9,2017-06-28,6173.100098,6234.410156,61.310058000000026,0.983413931163884,Resto
2016-12-13,9,2016-12-13,5433.569824,5463.830078,30.260253999999804,0.5538286068200052,Resto
2018-04-11,9,2018-04-11,7055.0,7069.029785,14.02978499999972,0.198468324886252,Resto
2016-08-23,9,2016-08-23,5265.779785,5260.080078,-5.699706999999762,-0.1083577990350085,Resto
2018-07-16,9,2018-07-16,7831.740234,7805.720215,-26.020018999999596,-0.3333455246064004,Resto
2019-05-28,9,2019-05-28,7655.660156,7607.350098,-48.310058000000026,-0.6350444948327134,Resto
2017-01-30,9,2017-01-30,5635.859863,5613.709961,-22.14990200000011,-0.3945679800681123,Resto
2020-01-02,9,2020-01-02,9039.459961,9092.19043,52.730469000000085,0.5799534161318713,Resto
2018-11-02,9,2018-11-02,7424.02002,7356.990234,-67.02978600000006,-0.9111033706450352,Resto
2017-05-10,9,2017-05-10,6121.640137,6129.140137,7.5,0.1223662672472518,Resto
2016-02-16,9,2016-02-16,4397.950195,4435.959961,38.00976599999922,0.856855479629502,Resto
2018-01-10,9,2018-01-10,7129.830078,7153.569824,23.7397460000002,0.3318587304530683,Resto
2018-12-04,9,2018-12-04,7407.950195,7158.430176,-249.5200190000005,-3.48568069905276,Resto
2017-10-19,9,2017-10-19,6583.700195,6605.069824,21.369628999999804,0.3235337334716994,Resto
2018-09-04,9,2018-09-04,8087.950195,8091.25,3.299804999999651,0.0407823883825076,Resto
2016-04-04,9,2016-04-04,4911.209961,4891.799805,-19.410155999999915,-0.3967896637994145,Resto
2018-01-11,9,2018-01-11,7168.72998,7211.779785,43.04980499999965,0.5969373203760361,Resto
2018-04-20,9,2018-04-20,7220.640137,7146.129883,-74.51025400000071,-1.0426658235985031,Resto
2018-11-01,9,2018-11-01,7327.819824,7434.060059,106.2402350000002,1.429101112404669,Resto
2019-02-20,9,2019-02-20,7490.310059,7489.069824,-1.2402350000002116,-0.0165606013716906,Resto
2018-05-16,9,2018-05-16,7356.220215,7398.299805,42.07958999999937,0.5687737873445016,Resto
2017-11-28,9,2017-11-28,6893.720215,6912.359863,18.6396479999994,0.2696567940533943,Resto
2019-01-03,9,2019-01-03,6584.77002,6463.5,-121.27001999999992,-1.8762283592480844,Resto
2017-06-23,9,2017-06-23,6234.350098,6265.25,30.89990200000011,0.4931950361118887,Resto
2016-02-05,9,2016-02-05,4491.47998,4363.140137,-128.33984299999975,-2.941455900342532,Resto
2019-01-11,9,2019-01-11,6947.459961,6971.47998,24.020019000000502,0.3445469121177983,Resto
2018-05-21,9,2018-05-21,7406.339844,7394.040039,-12.299804999999653,-0.1663475574263069,Resto
2016-09-19,9,2016-09-19,5263.549805,5235.029785,-28.52001999999993,-0.5447919337864843,Resto
2019-04-25,9,2019-04-25,8150.850098,8118.680176,-32.16992200000004,-0.3962457111575723,Resto
2018-06-11,9,2018-06-11,7647.240234,7659.930176,12.689941999999974,0.1656665492821324,Resto
2017-05-04,9,2017-05-04,6075.060059,6075.339844,0.2797849999997197,0.0046052567787797,Resto
2019-04-26,9,2019-04-26,8100.279785,8146.399902,46.12011700000039,0.5661410875333724,Resto
2019-04-29,9,2019-04-29,8147.649902,8161.850098,14.200195999999778,0.1739825631382207,Resto
2018-03-14,9,2018-03-14,7539.779785,7496.810059,-42.96972599999936,-0.573173465271589,Resto
2018-09-26,9,2018-09-26,8011.680176,7990.370117,-21.310058999999452,-0.2666967698362433,Resto
2016-04-05,9,2016-04-05,4855.899902,4843.930176,-11.969726000000264,-0.2471077320500225,Resto
2019-11-25,9,2019-11-25,8559.650391,8632.490234,72.83984300000157,0.8437871462989199,Resto
2018-06-12,9,2018-06-12,7673.870117,7703.790039,29.91992200000004,0.3883792503239591,Resto
2018-05-04,9,2018-05-04,7065.669922,7209.620117,143.95019500000035,1.996640497889361,Resto
2017-03-07,9,2017-03-07,5836.120117,5833.930176,-2.1899410000005446,-0.0375380049800675,Resto
2018-08-28,9,2018-08-28,8039.009766,8030.040039,-8.969726999999693,-0.1117021453994731,Resto
2017-03-28,9,2017-03-28,5836.5,5875.140137,38.64013700000032,0.6576887716542363,Resto
2018-04-17,9,2018-04-17,7215.120117,7281.100098,65.9799809999995,0.906181485104471,Resto
2019-02-11,9,2019-02-11,7327.370117,7307.899902,-19.47021500000028,-0.2664269524911218,Resto
2016-11-03,9,2016-11-03,5104.700195,5058.410156,-46.290039000000434,-0.915110431389076,Resto
2018-11-12,9,2018-11-12,7364.049805,7200.870117,-163.17968799999926,-2.2661106970220226,Resto
2018-12-27,9,2018-12-27,6457.189941,6579.490234,122.30029300000024,1.8588110727485312,Resto
2017-01-18,8,2017-01-18,5546.939941,5555.649902,8.709961000000476,0.1567766355627438,Resto
2017-02-02,8,2017-02-02,5627.149902,5636.200195,9.050293000000238,0.1605743707973495,Resto
2016-08-05,8,2016-08-05,5190.709961,5221.120117,30.410156000000825,0.582445056205184,Resto
2017-09-19,8,2017-09-19,6465.569824,6461.319824,-4.25,-0.0657760351718506,Resto
2017-01-19,8,2017-01-19,5560.609863,5540.080078,-20.52978499999972,-0.3705683800767567,Resto
2017-10-24,8,2017-10-24,6598.609863,6598.430176,-0.1796869999998307,-0.0027231780166954,Resto
2019-01-23,8,2019-01-23,7061.649902,7025.77002,-35.87988200000018,-0.510689673841618,Resto
2019-02-27,8,2019-02-27,7526.419922,7554.509766,28.089844000000085,0.3718288131206326,Resto
2017-01-13,8,2017-01-13,5557.569824,5574.120117,16.550293000000238,0.2969131029222892,Resto
2019-10-24,8,2019-10-24,8180.040039,8185.799805,5.7597659999992175,0.0703628983997516,Resto
2017-01-26,8,2017-01-26,5666.279785,5655.180176,-11.099608999999871,-0.1962733043786202,Resto
2017-09-08,8,2017-09-08,6389.649902,6360.189941,-29.45996100000048,-0.46319310072945,Resto
2016-06-29,8,2016-06-29,4732.930176,4779.25,46.31982400000015,0.969186043835333,Resto
2017-07-27,8,2017-07-27,6459.759766,6382.189941,-77.56982500000049,-1.2154107871607216,Resto
2017-10-04,8,2017-10-04,6521.959961,6534.629883,12.669922000000042,0.1938889000119372,Resto
2018-05-17,8,2018-05-17,7379.580078,7382.470215,2.8901370000003226,0.039148644231954,Resto
2018-08-06,8,2018-08-06,7809.540039,7859.680176,50.14013699999941,0.6379411868832182,Resto
2017-01-25,8,2017-01-25,5635.859863,5656.339844,20.479981000000407,0.3620712610067919,Resto
2019-11-27,8,2019-11-27,8669.589844,8705.179688,35.589844000000085,0.4088352598747653,Resto
2019-08-22,8,2019-08-22,8038.790039,7991.390137,-47.39990200000011,-0.593137128677267,Resto
2017-11-14,8,2017-11-14,6733.870117,6737.870117,4.0,0.0593659410250101,Resto
2018-07-11,8,2018-07-11,7698.509766,7716.609863,18.10009699999955,0.2345602190773805,Resto
2017-04-26,8,2017-04-26,6028.120117,6025.22998,-2.8901370000003226,-0.04796724788255,Resto
2017-04-03,8,2017-04-03,5917.319824,5894.680176,-22.639648000000307,-0.3840691491995936,Resto
2016-10-12,8,2016-10-12,5247.910156,5239.02002,-8.890135999999984,-0.1696908193910659,Resto
2017-09-25,8,2017-09-25,6403.109863,6370.589844,-32.52001899999959,-0.5104710834684776,Resto
2018-09-06,8,2018-09-06,7998.27002,7922.72998,-75.54003999999986,-0.9534597315659098,Resto
2017-06-13,8,2017-06-13,6206.120117,6220.370117,14.25,0.2290860468423795,Resto
2019-03-21,8,2019-03-21,7705.430176,7838.959961,133.52978499999972,1.7034120044537848,Resto
2017-01-09,8,2017-01-09,5527.580078,5531.819824,4.239746000000196,0.0766428794662816,Resto
2016-10-14,8,2016-10-14,5241.259766,5214.160156,-27.09961000000021,-0.5197310628983336,Resto
2019-09-13,8,2019-09-13,8190.569824,8176.709961,-13.859863000000589,-0.169504153456674,Resto
2018-02-27,8,2018-02-27,7416.169922,7330.350098,-85.81982400000015,-1.1707465926274805,Resto
2017-05-31,8,2017-05-31,6221.629883,6198.52002,-23.10986299999968,-0.3728287224278365,Resto
2019-06-21,8,2019-06-21,8028.689941,8031.709961,3.0200199999999318,0.0376012083935351,Resto
2016-02-10,8,2016-02-10,4318.279785,4283.589844,-34.689940999999635,-0.8098333935633365,Resto
2017-06-06,8,2017-06-06,6281.879883,6275.060059,-6.819823999999244,-0.1086814139765549,Resto
2016-09-09,8,2016-09-09,5217.950195,5125.910156,-92.04003900000043,-1.7955843196405887,Resto
2016-05-03,8,2016-05-03,4780.879883,4763.220215,-17.65966799999933,-0.3707506099421298,Resto
2019-12-04,8,2019-12-04,8557.450195,8566.669922,9.219726999999692,0.1076232314767093,Resto
2017-06-05,8,2017-06-05,6305.470215,6295.680176,-9.790039000000434,-0.1555040714634998,Resto
2019-04-10,8,2019-04-10,7922.72998,7964.240234,41.51025399999981,0.5212079593328828,Resto
2017-12-01,8,2017-12-01,6844.040039,6847.589844,3.549804999999651,0.0518402106561634,Resto
2017-07-12,8,2017-07-12,6238.899902,6261.169922,22.27001999999993,0.3556846448416822,Resto
2018-10-11,8,2018-10-11,7388.069824,7329.060059,-59.00976499999979,-0.8051477887336519,Resto
2016-04-25,8,2016-04-25,4891.47998,4895.790039,4.310059000000365,0.0880360261707776,Resto
2016-11-04,8,2016-11-04,5034.410156,5046.370117,11.959961000000476,0.2370012647251191,Resto
2018-10-12,8,2018-10-12,7507.839844,7496.890137,-10.949706999999762,-0.1460566554918392,Resto
2018-01-04,8,2018-01-04,7089.5,7077.910156,-11.589844000000085,-0.1637466956284445,Resto
2019-04-08,8,2019-04-08,7924.890137,7953.879883,28.98974599999929,0.3644730172749993,Resto
2017-01-27,8,2017-01-27,5664.879883,5660.779785,-4.100097999999889,-0.0724299152364905,Resto
2017-07-13,8,2017-07-13,6269.100098,6274.439941,5.339842999999746,0.0851046954024824,Resto
2018-08-20,8,2018-08-20,7834.370117,7821.009766,-13.360351000000264,-0.1708264201136948,Resto
2018-05-30,8,2018-05-30,7428.410156,7462.450195,34.040039000000434,0.4561509706665511,Resto
2019-06-25,8,2019-06-25,8005.27002,7884.720215,-120.54980499999964,-1.5289040284608202,Resto
2018-05-25,8,2018-05-25,7422.200195,7433.850098,11.64990299999954,0.1567142577052209,Resto
2018-09-19,8,2018-09-19,7962.549805,7950.040039,-12.509765999999216,-0.1573547546758363,Resto
2018-10-10,8,2018-10-10,7694.080078,7422.049805,-272.0302730000003,-3.665163669701356,Resto
2019-01-15,8,2019-01-15,6931.390137,7023.830078,92.43994099999964,1.3160902239013368,Resto
2016-09-16,8,2016-09-16,5238.709961,5244.569824,5.859863000000587,0.1117320046571771,Resto
2018-06-08,8,2018-06-08,7607.740234,7645.509766,37.769532000000254,0.4940093356228963,Resto
2019-04-11,7,2019-04-11,7975.200195,7947.359863,-27.84033200000067,-0.3503091904723614,Resto
2017-05-05,7,2017-05-05,6091.689941,6100.759766,9.069825000000492,0.148667138977465,Resto
2016-08-24,7,2016-08-24,5254.419922,5217.689941,-36.72998100000041,-0.7039510092652401,Resto
2016-03-28,7,2016-03-28,4785.25,4766.790039,-18.459960999999566,-0.3872618858596126,Resto
2017-06-26,7,2017-06-26,6292.72998,6247.149902,-45.58007799999996,-0.7296139634076602,Resto
2018-01-19,7,2018-01-19,7312.0,7336.379883,24.37988299999961,0.3323148935688723,Resto
2018-05-14,7,2018-05-14,7429.450195,7411.319824,-18.1303710000002,-0.2446308003236994,Resto
2017-12-28,7,2017-12-28,6953.379883,6950.160156,-3.2197269999996934,-0.0463259396579535,Resto
2016-09-07,7,2016-09-07,5274.22998,5283.930176,9.700195999999778,0.183579185888163,Resto
2018-02-05,7,2018-02-05,7165.959961,6967.529785,-198.43017599999985,-2.84792720121827,Resto
2018-05-09,7,2018-05-09,7281.529785,7339.910156,58.3803710000002,0.7953826376509151,Resto
2018-01-16,7,2018-01-16,7307.189941,7223.689941,-83.5,-1.1559189373020184,Resto
2016-10-21,7,2016-10-21,5238.649902,5257.399902,18.75,0.3566401709877005,Resto
2017-10-10,7,2017-10-10,6602.490234,6587.25,-15.240233999999871,-0.231359581008765,Resto
2017-03-16,7,2017-03-16,5907.859863,5900.759766,-7.100096999999551,-0.1203251323822755,Resto
2017-03-30,7,2017-03-30,5896.149902,5914.339844,18.189941999999974,0.3075565909262615,Resto
2016-05-26,7,2016-05-26,4897.779785,4901.77002,3.990235000000212,0.0814039619100737,Resto
2017-11-16,7,2017-11-16,6742.339844,6793.290039,50.95019500000035,0.7500076503063665,Resto
2018-03-22,7,2018-03-22,7257.549805,7166.680176,-90.8696289999998,-1.267945921520355,Resto
2019-03-26,7,2019-03-26,7700.0,7691.52002,-8.479980000000069,-0.1102510294187607,Resto
2016-06-16,7,2016-06-16,4809.689941,4844.919922,35.22998100000041,0.7271530090730034,Resto
2018-01-05,7,2018-01-05,7105.740234,7136.560059,30.81982500000049,0.4318582726860576,Resto
2019-11-19,7,2019-11-19,8578.019531,8570.660156,-7.359375,-0.0858670728514182,Resto
2017-10-05,7,2017-10-05,6552.870117,6585.359863,32.489745999999286,0.4933632584385204,Resto
2018-03-13,7,2018-03-13,7627.52002,7511.009766,-116.5102539999998,-1.5511929504792472,Resto
2016-12-20,7,2016-12-20,5473.529785,5483.939941,10.410155999999915,0.1898298688898773,Resto
2016-10-13,7,2016-10-13,5200.299805,5213.330078,13.030273000000308,0.2499414540235506,Resto
2019-09-19,7,2019-09-19,8193.589844,8182.879883,-10.709961000000476,-0.1308825395598254,Resto
2017-12-08,7,2017-12-08,6859.950195,6840.080078,-19.87011700000039,-0.2904953856301971,Resto
2019-06-17,7,2019-06-17,7819.430176,7845.02002,25.589844000000085,0.3261922077287457,Resto
2017-11-20,7,2017-11-20,6789.279785,6790.709961,1.430175999999847,0.0210607728531118,Resto
2018-02-21,7,2018-02-21,7258.47998,7218.22998,-40.25,-0.5576159267787697,Resto
2018-04-24,7,2018-04-24,7160.77002,7007.350098,-153.41992200000004,-2.189414255808174,Resto
2018-11-28,7,2018-11-28,7135.080078,7291.589844,156.50976600000013,2.146442262228815,Resto
2017-06-19,7,2017-06-19,6196.850098,6239.009766,42.15966800000024,0.6757429396849615,Resto
2016-08-30,7,2016-08-30,5229.879883,5222.990234,-6.889648999999736,-0.1319100494416075,Resto
2018-10-05,7,2018-10-05,7874.759766,7788.450195,-86.30957099999978,-1.108173883623323,Resto
2017-02-09,7,2017-02-09,5688.02002,5715.180176,27.160155999999915,0.4752283421274226,Resto
2017-08-03,7,2017-08-03,6366.240234,6340.339844,-25.90038999999979,-0.4085016046026284,Resto
2016-07-13,7,2016-07-13,5036.319824,5005.72998,-30.589844000000085,-0.611096565780004,Resto
2018-05-10,7,2018-05-10,7355.899902,7404.970215,49.07031300000017,0.6626672569269769,Resto
2016-06-15,7,2016-06-15,4855.080078,4834.930176,-20.14990200000011,-0.4167568354972684,Resto
2019-04-01,7,2019-04-01,7800.240234,7828.910156,28.66992200000004,0.3662057863574752,Resto
2017-10-17,7,2017-10-17,6621.419922,6623.660156,2.240233999999873,0.0338216929497895,Resto
2018-10-29,7,2018-10-29,7272.419922,7050.290039,-222.1298829999996,-3.150648863681445,Resto
2017-12-14,7,2017-12-14,6887.379883,6856.529785,-30.85009799999989,-0.4499374897705617,Resto
2016-08-19,7,2016-08-19,5229.870117,5238.379883,8.509765999999217,0.1624503413281609,Resto
2018-09-24,7,2018-09-24,7939.379883,7993.25,53.87011700000039,0.673945103681236,Resto
2019-06-24,7,2019-06-24,8040.580078,8005.700195,-34.87988299999961,-0.4356880991094821,Resto
2016-04-12,7,2016-04-12,4838.819824,4872.089844,33.27001999999993,0.682869591187283,Resto
2019-02-13,7,2019-02-13,7437.459961,7420.379883,-17.080077999999958,-0.2301779459988323,Resto
2019-01-04,7,2019-01-04,6567.140137,6738.859863,171.71972599999935,2.5482014686613965,Resto
2018-10-08,7,2018-10-08,7747.100098,7735.950195,-11.14990299999954,-0.1441310080719766,Resto
2016-06-17,7,2016-06-17,4835.02002,4800.339844,-34.68017599999985,-0.7224525164264567,Resto
2018-05-29,7,2018-05-29,7398.509766,7396.589844,-1.9199220000000423,-0.0259568536378619,Resto
2016-04-21,7,2016-04-21,4949.120117,4945.890137,-3.2299800000000687,-0.0653063434595265,Resto
2017-06-21,7,2017-06-21,6202.75,6233.950195,31.20019500000035,0.5004883584893695,Resto
2019-02-14,7,2019-02-14,7390.25,7426.950195,36.70019500000035,0.4941489310741278,Resto
2018-05-15,7,2018-05-15,7361.299805,7351.629883,-9.669922000000042,-0.1315343965065609,Resto
2018-02-07,7,2018-02-07,7086.200195,7051.97998,-34.22021500000028,-0.4852568370450802,Resto
2018-10-24,7,2018-10-24,7423.209961,7108.399902,-314.81005899999946,-4.428704959486387,Resto
2019-06-12,7,2019-06-12,7803.129883,7792.720215,-10.409667999999328,-0.1335819548604097,Resto
2016-09-28,7,2016-09-28,5312.72998,5318.549805,5.819824999999582,0.1094250352704854,Resto
2016-07-05,7,2016-07-05,4837.060059,4822.899902,-14.160157000000254,-0.2936025480049503,Resto
2018-06-14,7,2018-06-14,7723.529785,7761.040039,37.51025400000072,0.4833147852801679,Resto
2017-02-17,7,2017-02-17,5807.310059,5838.580078,31.270018999999596,0.535575749278943,Resto
2017-11-22,7,2017-11-22,6869.529785,6867.359863,-2.1699220000000423,-0.031597616016763,Resto
2019-04-04,6,2019-04-04,7894.259766,7891.779785,-2.479981000000407,-0.0314248631812324,Resto
2017-06-16,6,2017-06-16,6154.279785,6151.759766,-2.520018999999593,-0.0409641971704977,Resto
2017-12-19,6,2017-12-19,6991.25,6963.850098,-27.39990200000011,-0.3934591011352943,Resto
2016-06-14,6,2016-06-14,4836.669922,4843.549805,6.879882999999609,0.1420421648786908,Resto
2017-06-12,6,2017-06-12,6153.560059,6175.459961,21.8999019999992,0.3546278680179949,Resto
2018-02-02,6,2018-02-02,7347.589844,7240.950195,-106.63964899999974,-1.4727300440988564,Resto
2016-12-12,6,2016-12-12,5428.220215,5412.540039,-15.680175999999848,-0.289700877721301,Resto
2020-01-07,6,2020-01-07,9076.639648,9068.580078,-8.05956999999944,-0.0888735604767015,Resto
2016-03-30,6,2016-03-30,4875.459961,4869.290039,-6.169921999999133,-0.1267109157717424,Resto
2016-04-14,6,2016-04-14,4947.620117,4945.890137,-1.729980000000069,-0.0349781323903286,Resto
2017-12-20,6,2017-12-20,6991.25,6960.959961,-30.290039000000437,-0.4351416926645993,Resto
2016-12-23,6,2016-12-23,5441.759766,5462.689941,20.930174999999508,0.3831477756573537,Resto
2018-07-09,6,2018-07-09,7731.740234,7756.200195,24.45996100000048,0.3153601039819534,Resto
2018-03-05,6,2018-03-05,7222.890137,7330.709961,107.81982399999924,1.4707964791078882,Resto
2017-09-06,6,2017-09-06,6394.350098,6393.310059,-1.040038999999524,-0.0162676139652485,Resto
2017-02-03,6,2017-02-03,5650.72998,5666.77002,16.040039999999863,0.2830543668331164,Resto
2017-03-15,6,2017-03-15,5869.97998,5900.049805,30.069824999999582,0.5096537485923746,Resto
2017-01-12,6,2017-01-12,5542.560059,5547.490234,4.930174999999508,0.0888721708743707,Resto
2017-07-07,6,2017-07-07,6111.209961,6153.080078,41.87011700000039,0.6804741116518976,Resto
2018-04-13,6,2018-04-13,7179.620117,7106.649902,-72.97021500000028,-1.0267878115040467,Resto
2016-10-04,6,2016-10-04,5313.490234,5289.660156,-23.83007799999996,-0.4505030058116262,Resto
2018-01-26,6,2018-01-26,7448.330078,7505.77002,57.43994199999997,0.7652771380810303,Resto
2017-04-24,6,2017-04-24,5979.959961,5983.819824,3.859863000000587,0.0645050003765051,Resto
2017-10-16,6,2017-10-16,6622.549805,6624.0,1.450195000000349,0.0218930404589424,Resto
2016-12-06,6,2016-12-06,5317.740234,5333.0,15.259766000000129,0.2861384961560121,Resto
2018-11-27,6,2018-11-27,7041.22998,7082.700195,41.47021500000028,0.5855141945620681,Resto
2018-10-15,6,2018-10-15,7473.330078,7430.740234,-42.589844000000085,-0.5731574871252603,Resto
2018-12-14,6,2018-12-14,6986.370117,6910.660156,-75.70996100000048,-1.095553236462761,Resto
2016-05-19,6,2016-05-19,4717.359863,4712.529785,-4.830077999999958,-0.1024943760647224,Resto
2016-07-22,6,2016-07-22,5078.120117,5100.160156,22.040038999999524,0.4321440567718423,Resto
2018-05-02,6,2018-05-02,7138.450195,7100.899902,-37.55029300000024,-0.528810341199487,Resto
2016-09-13,6,2016-09-13,5181.140137,5155.25,-25.890137000000323,-0.5022091460162034,Resto
2017-05-11,6,2017-05-11,6110.049805,6115.959961,5.910155999999915,0.0966349687978265,Resto
2017-05-09,6,2017-05-09,6111.819824,6120.589844,8.770019999999931,0.1432871704121321,Resto
2017-02-16,6,2017-02-16,5823.009766,5814.899902,-8.109864000000016,-0.1394669579301043,Resto
2016-09-22,6,2016-09-22,5323.259766,5339.52002,16.260253999999804,0.3045265106057193,Resto
2019-01-07,6,2019-01-07,6757.529785,6823.470215,65.94043000000056,0.9663767543828952,Resto
2019-01-09,6,2019-01-09,6923.060059,6957.080078,34.02001899999959,0.488998525510426,Resto
2016-07-07,6,2016-07-07,4867.470215,4876.810059,9.339844000000085,0.1915154350283479,Resto
2016-08-15,6,2016-08-15,5242.180176,5262.02002,19.839844000000085,0.3770385503018303,Resto
2016-08-11,6,2016-08-11,5222.149902,5228.399902,6.25,0.1195394406921553,Resto
2017-05-16,6,2017-05-16,6160.52002,6169.870117,9.35009700000046,0.1515444705106174,Resto
2019-05-15,6,2019-05-15,7682.799805,7822.149902,139.35009700000046,1.7814807788888174,Resto
2019-03-07,6,2019-03-07,7483.790039,7421.459961,-62.33007800000087,-0.839862753791671,Resto
2018-03-07,6,2018-03-07,7311.740234,7396.649902,84.90966800000024,1.147947640147755,Resto
2016-03-14,6,2016-03-14,4733.390137,4750.279785,16.889647999999397,0.3555505941635687,Resto
2018-08-10,6,2018-08-10,7834.709961,7839.109863,4.399902000000111,0.0561275715852295,Resto
2017-02-14,6,2017-02-14,5756.509766,5782.569824,26.060058000000023,0.450665686592149,Resto
2016-04-18,6,2016-04-18,4919.359863,4960.02002,40.660157000000254,0.8197579210577511,Resto
2019-06-20,6,2019-06-20,8087.450195,8051.339844,-36.11035100000026,-0.4485011401786788,Resto
2018-07-05,6,2018-07-05,7550.660156,7586.430176,35.77001999999993,0.4715000226741681,Resto
2018-03-06,6,2018-03-06,7366.609863,7372.009766,5.3999030000004495,0.0732487228232525,Resto
2018-01-08,6,2018-01-08,7135.379883,7157.390137,22.010254000000717,0.3075178742348988,Resto
2016-07-15,6,2016-07-15,5041.189941,5029.589844,-11.60009699999955,-0.2306370372096598,Resto
2017-06-20,6,2017-06-20,6229.620117,6188.029785,-41.59033200000067,-0.6721094345863863,Resto
2018-03-12,6,2018-03-12,7581.040039,7588.319824,7.27978499999972,0.0959340824957791,Resto
2017-01-11,6,2017-01-11,5550.720215,5563.649902,12.92968699999983,0.2323957694633502,Resto
2018-04-25,6,2018-04-25,7009.990234,7003.740234,-6.25,-0.0892380326965736,Resto
2017-08-22,6,2017-08-22,6241.209961,6297.47998,56.2700190000005,0.8935323205267339,Resto
2018-03-21,6,2018-03-21,7347.5,7345.290039,-2.2099609999995664,-0.0300867765366067,Resto
2019-01-28,6,2019-01-28,7075.009766,7085.680176,10.67040999999972,0.1505911886362244,Resto
2016-08-04,6,2016-08-04,5158.02002,5166.25,8.229980000000069,0.1593027824824596,Resto
2016-06-01,6,2016-06-01,4928.970215,4952.25,23.27978499999972,0.4700850118632888,Resto
2016-07-19,6,2016-07-19,5038.220215,5036.370117,-1.850097999999889,-0.0367347505647962,Resto
2020-01-06,6,2020-01-06,8943.5,9071.469727,127.9697269999997,1.41068350389921,Resto
2018-07-20,6,2018-07-20,7843.080078,7820.200195,-22.87988299999961,-0.2925741340308438,Resto
2018-04-06,6,2018-04-06,6999.569824,6915.109863,-84.45996100000048,-1.2213827787742333,Resto
2017-06-15,6,2017-06-15,6127.049805,6165.5,38.45019500000035,0.6236346606114727,Resto
2017-12-07,6,2017-12-07,6785.740234,6812.839844,27.09961000000021,0.397772597338635,Resto
2017-11-17,6,2017-11-17,6794.450195,6782.790039,-11.660155999999915,-0.1719079601897716,Resto
2016-10-26,6,2016-10-26,5256.399902,5250.27002,-6.12988200000018,-0.1167536522245417,Resto
2018-02-15,6,2018-02-15,7200.75,7256.430176,55.68017599999985,0.7673218738348382,Resto
2016-09-23,6,2016-09-23,5327.430176,5305.75,-21.680175999999847,-0.4086166140507911,Resto
2017-04-13,6,2017-04-13,5828.370117,5805.149902,-23.22021500000028,-0.3999933747102794,Resto
2018-03-01,6,2018-03-01,7274.75,7180.560059,-94.18994099999964,-1.3117352995598646,Resto
2018-04-30,6,2018-04-30,7133.950195,7066.27002,-67.68017500000042,-0.9577920856186078,Resto
2017-01-05,6,2017-01-05,5474.390137,5487.939941,13.549803999999313,0.2469014629473204,Resto
2017-03-20,6,2017-03-20,5898.810059,5901.529785,2.719725999999355,0.0460851016445281,Resto
2017-02-24,6,2017-02-24,5802.330078,5845.310059,42.97998100000041,0.735290011413925,Resto
2019-03-25,6,2019-03-25,7618.97998,7637.540039,18.560059000000365,0.2430109551665338,Resto
2018-12-28,6,2018-12-28,6616.790039,6584.52002,-32.2700190000005,-0.4900891621861984,Resto
2018-07-06,6,2018-07-06,7595.930176,7688.390137,92.45996100000048,1.2025919516628254,Resto
2018-03-08,5,2018-03-08,7422.77002,7427.950195,5.180175000000418,0.0697389571013462,Menos de 6
2017-07-06,5,2017-07-06,6109.600098,6089.459961,-20.140137000000323,-0.3307376537326464,Menos de 6
2017-02-07,5,2017-02-07,5674.859863,5674.220215,-0.6396479999993971,-0.0112728793695469,Menos de 6
2016-11-16,5,2016-11-16,5253.740234,5294.580078,40.839844000000085,0.7713518994584198,Menos de 6
2018-06-01,5,2018-06-01,7487.660156,7554.330078,66.66992200000004,0.8825391704045162,Menos de 6
2019-04-16,5,2019-04-16,8000.569824,8000.22998,-0.3398440000000846,-0.0042479278826942,Menos de 6
2018-03-09,5,2018-03-09,7475.97998,7560.810059,84.8300790000003,1.1219707721532155,Menos de 6
2017-04-11,5,2017-04-11,5871.160156,5866.77002,-4.390135999999984,-0.0748305453432446,Menos de 6
2017-04-17,5,2017-04-17,5821.549805,5856.790039,35.24023400000078,0.6016987763832792,Menos de 6
2017-03-13,5,2017-03-13,5863.47998,5875.779785,12.299804999999653,0.2093305986619723,Menos de 6
2017-08-30,5,2017-08-30,6308.680176,6368.310059,59.62988300000052,0.9363533252550842,Menos de 6
2018-04-04,5,2018-04-04,6811.77002,7042.109863,230.33984299999972,3.270892495020988,Menos de 6
2018-03-16,5,2018-03-16,7504.370117,7481.990234,-22.37988300000052,-0.2991167095928679,Menos de 6
2019-03-12,5,2019-03-12,7571.850098,7591.029785,19.17968699999983,0.2526625180406907,Menos de 6
2017-03-23,5,2017-03-23,5812.310059,5817.689941,5.37988199999927,0.0924745398011796,Menos de 6
2019-02-21,5,2019-02-21,7475.410156,7459.709961,-15.700195000000347,-0.2104665607923405,Menos de 6
2016-03-31,5,2016-03-31,4869.569824,4869.850098,0.2802739999997357,0.0057552900881865,Menos de 6
2016-11-11,5,2016-11-11,5191.819824,5237.109863,45.29003899999952,0.8647906991597042,Menos de 6
2018-08-09,5,2018-08-09,7886.52002,7891.779785,5.259764999999788,0.0666486539575912,Menos de 6
2017-12-21,5,2017-12-21,6972.879883,6965.359863,-7.520019999999931,-0.107963122479088,Menos de 6
2019-02-07,5,2019-02-07,7316.5,7288.350098,-28.14990200000011,-0.3862314738108525,Menos de 6
2016-09-02,5,2016-09-02,5249.660156,5249.899902,0.2397460000001956,0.004566677545773,Menos de 6
2018-03-23,5,2018-03-23,7170.680176,6992.669922,-178.0102539999998,-2.545669336399714,Menos de 6
2016-12-28,5,2016-12-28,5497.439941,5438.560059,-58.87988199999927,-1.082637340789533,Menos de 6
2019-10-28,5,2019-10-28,8285.769531,8325.990234,40.22070300000087,0.4830741073386763,Menos de 6
2016-12-22,5,2016-12-22,5472.009766,5447.419922,-24.589844000000085,-0.4514034965560726,Menos de 6
2019-01-02,5,2019-01-02,6506.910156,6665.939941,159.02978499999972,2.385706838158861,Menos de 6
2019-03-06,5,2019-03-06,7575.379883,7505.919922,-69.45996099999957,-0.9254023720185324,Menos de 6
2017-06-09,5,2017-06-09,6330.25,6207.919922,-122.33007799999996,-1.9705485820859137,Menos de 6
2017-07-10,5,2017-07-10,6156.029785,6176.390137,20.360352000000603,0.3296480880964887,Menos de 6
2016-07-08,5,2016-07-08,4906.660156,4956.759766,50.09961000000021,1.0107330668645564,Menos de 6
2017-06-07,5,2017-06-07,6290.439941,6297.379883,6.939941999999974,0.1102036422915281,Menos de 6
2016-12-15,5,2016-12-15,5443.509766,5456.850098,13.340331999999762,0.2444694605939267,Menos de 6
2018-04-10,5,2018-04-10,7060.990234,7094.299805,33.30957099999978,0.4695258435021802,Menos de 6
2019-06-28,5,2019-06-28,7988.759766,8006.240234,17.480467999999746,0.2183355418910072,Menos de 6
2016-06-22,5,2016-06-22,4846.680176,4833.319824,-13.360351999999692,-0.2764218484706608,Menos de 6
2016-05-27,5,2016-05-27,4904.049805,4933.5,29.45019500000035,0.5969432451606436,Menos de 6
2019-05-09,5,2019-05-09,7853.209961,7910.589844,57.37988300000052,0.7253553038591912,Menos de 6
2017-09-01,5,2017-09-01,6442.169922,6435.330078,-6.839844000000085,-0.106285830207575,Menos de 6
2017-12-06,5,2017-12-06,6742.069824,6776.379883,34.310058999999455,0.5063184117831645,Menos de 6
2017-12-12,5,2017-12-12,6872.709961,6862.319824,-10.390136999999411,-0.1514085217022583,Menos de 6
2017-09-28,5,2017-09-28,6437.959961,6453.450195,15.490234000000784,0.2400302711253942,Menos de 6
2018-01-23,5,2018-01-23,7424.950195,7460.290039,35.339844000000085,0.4737060330798766,Menos de 6
2017-08-09,5,2017-08-09,6322.919922,6352.330078,29.410155999999915,0.4629821756563941,Menos de 6
2019-01-08,5,2019-01-08,6893.439941,6897.0,3.560059000000365,0.0516175003624817,Menos de 6
2017-08-11,5,2017-08-11,6222.180176,6256.560059,34.37988300000052,0.5495013661787741,Menos de 6
2018-01-24,5,2018-01-24,7474.160156,7415.060059,-59.10009699999955,-0.7970278936347527,Menos de 6
2017-07-21,5,2017-07-21,6383.049805,6387.75,4.700195000000349,0.073581386247119,Menos de 6
2017-08-18,5,2017-08-18,6222.459961,6216.529785,-5.930175999999847,-0.0953936714710013,Menos de 6
2019-05-29,5,2019-05-29,7553.02002,7547.310059,-5.709960999999566,-0.0756555773562073,Menos de 6
2018-03-15,5,2018-03-15,7509.240234,7481.740234,-27.5,-0.3675615450404048,Menos de 6
2017-05-08,5,2017-05-08,6100.660156,6102.660156,2.0,0.0327725934080344,Menos de 6
2018-09-14,5,2018-09-14,8026.160156,8010.040039,-16.120116999999482,-0.2012488941567384,Menos de 6
2018-07-17,5,2018-07-17,7751.970215,7855.120117,103.14990200000013,1.3131549927131445,Menos de 6
2017-06-27,5,2017-06-27,6227.899902,6146.620117,-81.27978499999972,-1.3223492497153084,Menos de 6
2018-02-09,5,2018-02-09,6863.339844,6874.490234,11.150389999999788,0.162199517643533,Menos de 6
2017-03-21,5,2017-03-21,5923.419922,5793.830078,-129.58984400000008,-2.2366869972951267,Menos de 6
2017-10-09,5,2017-10-09,6597.370117,6579.72998,-17.640137000000323,-0.2680981902543107,Menos de 6
2017-05-26,5,2017-05-26,6207.040039,6210.189941,3.149901999999201,0.0507215081974125,Menos de 6
2017-12-29,5,2017-12-29,6952.609863,6903.390137,-49.21972599999936,-0.7129790584512543,Menos de 6
2017-07-18,5,2017-07-18,6304.819824,6344.310059,39.49023500000021,0.6224512142810485,Menos de 6
2016-09-21,5,2016-09-21,5263.649902,5295.180176,31.530273999999736,0.5954523349915135,Menos de 6
2017-11-06,5,2017-11-06,6763.299805,6786.439941,23.140135999999984,0.3409760669979527,Menos de 6
2018-04-05,5,2018-04-05,7099.25,7076.549805,-22.70019500000035,-0.3207805445523936,Menos de 6
2016-05-31,5,2016-05-31,4938.47998,4948.049805,9.569824999999582,0.1934059958395989,Menos de 6
2018-02-06,5,2018-02-06,6837.560059,7115.879883,278.31982399999924,3.9112496075841823,Menos de 6
2016-04-13,5,2016-04-13,4904.790039,4947.419922,42.62988299999961,0.8616588782050753,Menos de 6
2017-04-12,4,2017-04-12,5863.589844,5836.160156,-27.42968800000017,-0.4699954639147529,Menos de 6
2018-03-29,4,2018-03-29,6984.660156,7063.450195,78.79003900000043,1.1154610965583571,Menos de 6
2016-07-18,4,2016-07-18,5034.990234,5055.779785,20.789550999999847,0.4112036497649758,Menos de 6
2019-03-11,4,2019-03-11,7442.560059,7558.060059,115.5,1.5281699152742865,Menos de 6
2017-04-21,4,2017-04-21,5919.02002,5910.52002,-8.5,-0.1438113731319363,Menos de 6
2019-01-25,4,2019-01-25,7128.180176,7164.859863,36.67968699999983,0.5119386519953745,Menos de 6
2016-05-23,4,2016-05-23,4771.569824,4765.779785,-5.790039000000434,-0.1214919543329347,Menos de 6
2017-08-02,4,2017-08-02,6393.100098,6362.649902,-30.450195999999774,-0.4785772668464476,Menos de 6
2017-03-29,4,2017-03-29,5875.350098,5897.549805,22.19970699999976,0.3764225438364019,Menos de 6
2016-12-16,4,2016-12-16,5467.819824,5437.160156,-30.65966800000024,-0.563891206444724,Menos de 6
2018-01-09,4,2018-01-09,7174.189941,7163.580078,-10.609862999999676,-0.1481083883264392,Menos de 6
2016-08-18,4,2016-08-18,5226.450195,5240.149902,13.699706999999762,0.2614373110733152,Menos de 6
2019-02-05,4,2019-02-05,7356.339844,7402.080078,45.74023399999987,0.617937573195758,Menos de 6
2018-12-17,4,2018-12-17,6886.459961,6753.72998,-132.7299809999995,-1.965284093279659,Menos de 6
2017-09-12,4,2017-09-12,6448.810059,6454.279785,5.469725999999355,0.08474572194269,Menos de 6
2017-02-01,4,2017-02-01,5654.509766,5642.649902,-11.859864000000016,-0.2101825242745676,Menos de 6
2018-07-30,4,2018-07-30,7735.27002,7630.0,-105.27001999999992,-1.3796857142857133,Menos de 6
2016-12-08,4,2016-12-08,5394.149902,5417.359863,23.209960999999566,0.4284367586233502,Menos de 6
2018-01-25,4,2018-01-25,7457.950195,7411.160156,-46.790039000000434,-0.6313456734856782,Menos de 6
2017-03-09,4,2017-03-09,5834.669922,5838.810059,4.140137000000323,0.0709072046900836,Menos de 6
2018-10-01,4,2018-10-01,8091.5,8037.299805,-54.20019500000035,-0.6743582585569651,Menos de 6
2016-12-09,4,2016-12-09,5436.109863,5444.5,8.390137000000323,0.1541029846634277,Menos de 6
2019-08-12,4,2019-08-12,7907.490234,7863.410156,-44.08007799999996,-0.560572030779364,Menos de 6
2017-09-05,4,2017-09-05,6414.819824,6375.569824,-39.25,-0.6156312468298677,Menos de 6
2018-11-14,4,2018-11-14,7265.390137,7136.390137,-129.0,-1.8076365995067236,Menos de 6
2019-02-22,4,2019-02-22,7481.629883,7527.540039,45.910156000000825,0.6098958725179997,Menos de 6
2018-04-23,4,2018-04-23,7173.990234,7128.600098,-45.390135999999984,-0.6367328139606911,Menos de 6
2019-04-03,4,2019-04-03,7891.180176,7895.549805,4.369628999999804,0.0553429350446584,Menos de 6
2017-03-24,4,2017-03-24,5839.330078,5828.740234,-10.589844000000085,-0.1816832381417134,Menos de 6
2016-12-01,4,2016-12-01,5323.879883,5251.109863,-72.77001999999993,-1.3858026569344306,Menos de 6
2018-08-03,4,2018-08-03,7819.22998,7812.009766,-7.220213999999942,-0.0924245388353748,Menos de 6
2016-12-27,4,2016-12-27,5470.759766,5487.439941,16.680174999999508,0.3039700694557362,Menos de 6
2016-04-07,4,2016-04-07,4893.569824,4848.370117,-45.19970699999976,-0.9322660174295384,Menos de 6
2017-10-30,4,2017-10-30,6693.77002,6698.959961,5.189940999999635,0.0774738322099912,Menos de 6
2016-05-05,4,2016-05-05,4742.419922,4717.089844,-25.33007799999996,-0.536985277738966,Menos de 6
2017-08-08,4,2017-08-08,6373.330078,6370.459961,-2.8701170000003917,-0.0450535285924606,Menos de 6
2018-02-14,4,2018-02-14,6979.240234,7143.620117,164.37988300000052,2.3010725697579884,Menos de 6
2017-04-20,4,2017-04-20,5887.870117,5916.779785,28.90966799999933,0.4886047656072995,Menos de 6
2017-08-21,4,2017-08-21,6216.319824,6213.129883,-3.1899410000005446,-0.0513419332940177,Menos de 6
2017-07-19,4,2017-07-19,6363.240234,6385.040039,21.79980500000056,0.34142002034203,Menos de 6
2017-02-06,4,2017-02-06,5656.950195,5663.549805,6.599609999999302,0.1165278001823681,Menos de 6
2017-01-24,4,2017-01-24,5568.27002,5600.959961,32.689940999999635,0.5836488963967374,Menos de 6
2017-12-13,4,2017-12-13,6880.410156,6875.799805,-4.610351000000264,-0.06705185041379,Menos de 6
2019-02-26,4,2019-02-26,7535.290039,7549.299805,14.009765999999216,0.1855770251794791,Menos de 6
2017-03-17,4,2017-03-17,5898.580078,5901.0,2.4199220000000423,0.0410086764955099,Menos de 6
2017-03-08,4,2017-03-08,5838.439941,5837.549805,-0.890135999999984,-0.0152484523427545,Menos de 6
2018-01-22,4,2018-01-22,7338.040039,7408.029785,69.98974599999929,0.9447821894792676,Menos de 6
2017-01-10,4,2017-01-10,5536.540039,5551.819824,15.27978499999972,0.2752211974521693,Menos de 6
2017-12-26,4,2017-12-26,6928.919922,6936.25,7.330077999999958,0.1056778230311761,Menos de 6
2017-12-15,4,2017-12-15,6871.549805,6936.580078,65.0302730000003,0.9374976179724326,Menos de 6
2018-02-08,4,2018-02-08,7067.299805,6777.160156,-290.13964899999974,-4.281139036431527,Menos de 6
2017-06-14,4,2017-06-14,6237.459961,6194.890137,-42.56982399999925,-0.6871764157001585,Menos de 6
2018-11-19,4,2018-11-19,7217.240234,7028.47998,-188.7602539999998,-2.685648312823391,Menos de 6
2017-11-13,4,2017-11-13,6727.390137,6757.600098,30.209960999999566,0.4470516242732475,Menos de 6
2017-08-01,4,2017-08-01,6372.160156,6362.939941,-9.22021500000028,-0.1449049509423977,Menos de 6
2018-01-03,4,2018-01-03,7017.069824,7065.529785,48.459960999999566,0.6858645066202855,Menos de 6
2017-06-01,4,2017-06-01,6215.910156,6246.830078,30.91992200000004,0.4949697945025493,Menos de 6
2017-07-11,4,2017-07-11,6171.25,6193.299805,22.04980499999965,0.3560267659285331,Menos de 6
2017-08-14,4,2017-08-14,6306.109863,6340.22998,34.12011700000039,0.5381526712379665,Menos de 6
2017-05-02,4,2017-05-02,6102.509766,6095.370117,-7.139648999999736,-0.1171323293410393,Menos de 6
2016-08-08,4,2016-08-08,5223.540039,5213.140137,-10.399902000000113,-0.199494004125984,Menos de 6
2017-11-27,4,2017-11-27,6889.910156,6878.52002,-11.390135999999984,-0.1655899229322877,Menos de 6
2017-09-18,4,2017-09-18,6460.100098,6454.640137,-5.459960999999566,-0.0845897042145134,Menos de 6
2016-08-31,4,2016-08-31,5216.419922,5213.220215,-3.199706999999762,-0.0613767857109362,Menos de 6
2018-03-26,4,2018-03-26,7125.200195,7220.540039,95.33984400000008,1.3203976916552638,Menos de 6
2017-05-23,4,2017-05-23,6149.549805,6138.709961,-10.839844000000085,-0.1765817911070401,Menos de 6
2018-05-08,4,2018-05-08,7255.339844,7266.899902,11.560058000000026,0.1590782611002865,Menos de 6
2016-08-03,4,2016-08-03,5133.240234,5159.740234,26.5,0.5135917468359901,Menos de 6
2017-04-19,4,2017-04-19,5874.430176,5863.029785,-11.400391000000129,-0.194445387761238,Menos de 6
2017-04-25,4,2017-04-25,6004.160156,6025.490234,21.33007799999996,0.3539973872937482,Menos de 6
2016-12-07,4,2016-12-07,5322.669922,5393.759766,71.08984400000008,1.3180016738624634,Menos de 6
2018-12-06,4,2018-12-06,7017.049805,7188.259766,171.20996100000048,2.3817998594014704,Menos de 6
2017-12-04,4,2017-12-04,6897.129883,6775.370117,-121.75976599999922,-1.797093943170621,Menos de 6
2019-06-04,4,2019-06-04,7413.939941,7527.120117,113.18017600000076,1.5036318570814795,Menos de 6
2018-04-09,4,2018-04-09,6971.450195,6950.339844,-21.110351000000264,-0.3037312055787335,Menos de 6
2017-07-05,4,2017-07-05,6122.060059,6150.859863,28.799803999999316,0.4682240311349345,Menos de 6
2016-09-26,3,2016-09-26,5275.72998,5257.490234,-18.2397460000002,-0.3469287661638326,Menos de 6
2018-02-16,3,2018-02-16,7236.509766,7239.470215,2.9604490000001533,0.0408931719045708,Menos de 6
2017-07-17,3,2017-07-17,6320.350098,6314.430176,-5.919922000000042,-0.0937522758981576,Menos de 6
2016-04-15,3,2016-04-15,4938.830078,4938.220215,-0.6098629999996774,-0.0123498542682887,Menos de 6
2017-08-10,3,2017-08-10,6312.649902,6216.870117,-95.77978499999972,-1.540643172487879,Menos de 6
2017-10-23,3,2017-10-23,6641.569824,6586.830078,-54.7397460000002,-0.8310484003956751,Menos de 6
2017-01-31,3,2017-01-31,5592.870117,5614.790039,21.91992200000004,0.3903961118358043,Menos de 6
2018-11-16,3,2018-11-16,7193.600098,7247.870117,54.2700190000005,0.7487719581606362,Menos de 6
2017-06-02,3,2017-06-02,6261.589844,6305.799805,44.209960999999566,0.7010999772771818,Menos de 6
2016-10-03,3,2016-10-03,5300.290039,5300.870117,0.5800779999999577,0.0109430713674654,Menos de 6
2018-11-23,3,2018-11-23,6919.52002,6938.97998,19.459960000000137,0.2804441006616096,Menos de 6
2017-05-03,3,2017-05-03,6075.040039,6072.549805,-2.4902340000007825,-0.0410080457133571,Menos de 6
2018-02-01,3,2018-02-01,7377.169922,7385.859863,8.689940999999635,0.1176564565424876,Menos de 6
2019-05-16,3,2019-05-16,7832.580078,7898.049805,65.4697269999997,0.8289353526050561,Menos de 6
2017-03-01,3,2017-03-01,5874.859863,5904.029785,29.16992200000004,0.494068002063781,Menos de 6
2017-10-03,3,2017-10-03,6523.740234,6531.709961,7.969726999999693,0.1220159353000348,Menos de 6
2016-09-12,3,2016-09-12,5098.029785,5211.890137,113.8603520000006,2.18462686294342,Menos de 6
2016-05-13,3,2016-05-13,4731.069824,4717.680176,-13.389648000000308,-0.2838184764646985,Menos de 6
2016-11-28,3,2016-11-28,5387.919922,5368.810059,-19.10986299999968,-0.355942243998088,Menos de 6
2019-12-23,3,2019-12-23,8950.200195,8945.650391,-4.549804000000222,-0.050860516576611,Menos de 6
2016-10-07,3,2016-10-07,5314.919922,5292.399902,-22.52001999999993,-0.4255162198058693,Menos de 6
2017-07-20,3,2017-07-20,6396.459961,6390.0,-6.459960999999566,-0.1010948513301966,Menos de 6
2017-04-04,3,2017-04-04,5878.759766,5898.609863,19.85009699999955,0.3365216120583351,Menos de 6
2018-02-12,3,2018-02-12,6936.680176,6981.959961,45.27978499999972,0.648525417689655,Menos de 6
2016-07-11,3,2016-07-11,4976.540039,4988.640137,12.100097999999887,0.2425530338469449,Menos de 6
2018-12-10,3,2018-12-10,6959.629883,7020.52002,60.89013700000032,0.8673166207992713,Menos de 6
2017-02-10,3,2017-02-10,5726.169922,5734.129883,7.959960999999566,0.1388172427624721,Menos de 6
2017-02-13,3,2017-02-13,5753.189941,5763.959961,10.770019999999931,0.1868510550536756,Menos de 6
2016-12-21,3,2016-12-21,5482.629883,5471.430176,-11.199706999999762,-0.2046943237825897,Menos de 6
2016-12-30,3,2016-12-30,5440.169922,5383.120117,-57.04980499999965,-1.059790674553875,Menos de 6
2018-05-22,3,2018-05-22,7420.850098,7378.459961,-42.39013700000032,-0.574511987922412,Menos de 6
2020-01-14,3,2020-01-14,9270.610352,9251.330078,-19.280273999998823,-0.2084054275162878,Menos de 6
2016-11-18,3,2016-11-18,5340.970215,5321.509766,-19.460449000000157,-0.3656941329758738,Menos de 6
2017-05-30,3,2017-05-30,6204.180176,6203.189941,-0.9902350000002116,-0.0159633190248657,Menos de 6
2018-08-07,3,2018-08-07,7878.620117,7883.660156,5.040038999999524,0.0639301910567988,Menos de 6
2018-05-11,3,2018-05-11,7393.970215,7402.879883,8.909667999999328,0.120354080314872,Menos de 6
2018-08-31,3,2018-08-31,8079.310059,8109.540039,30.22998000000007,0.372770586921324,Menos de 6
2019-11-08,3,2019-11-08,8422.669922,8475.30957,52.63964800000031,0.6210941035868299,Menos de 6
2018-07-13,3,2018-07-13,7827.620117,7825.97998,-1.6401370000003226,-0.0209575925851055,Menos de 6
2019-01-29,3,2019-01-29,7087.490234,7028.290039,-59.20019499999944,-0.8423129192377861,Menos de 6
2019-12-03,3,2019-12-03,8460.719727,8520.639648,59.91992100000061,0.7032326618115491,Menos de 6
2018-01-17,3,2018-01-17,7257.77002,7298.279785,40.50976499999979,0.5550590850635605,Menos de 6
2017-02-22,3,2017-02-22,5857.560059,5860.629883,3.069823999999244,0.0523804447863858,Menos de 6
2016-04-22,3,2016-04-22,4898.240234,4906.22998,7.989746000000196,0.1628489906215157,Menos de 6
2017-09-13,3,2017-09-13,6440.720215,6460.189941,19.469725999999355,0.3013800860007771,Menos de 6
2017-05-19,3,2017-05-19,6070.22998,6083.700195,13.47021500000028,0.2214148391314717,Menos de 6
2016-11-09,3,2016-11-09,5143.859863,5251.069824,107.20996100000048,2.0416784501702425,Menos de 6
2018-03-27,2,2018-03-27,7255.470215,7008.810059,-246.66015599999992,-3.51928721029134,Menos de 6
2017-10-02,2,2017-10-02,6506.080078,6516.720215,10.640137000000324,0.1632744179427737,Menos de 6
2017-11-21,2,2017-11-21,6820.549805,6862.47998,41.93017500000042,0.6110061540755186,Menos de 6
2016-06-20,2,2016-06-20,4856.689941,4837.209961,-19.47998000000007,-0.402711070163532,Menos de 6
2018-04-16,2,2018-04-16,7153.870117,7156.279785,2.4096679999993285,0.03367207644746,Menos de 6
2017-08-29,2,2017-08-29,6228.899902,6301.890137,72.99023500000021,1.158227665243733,Menos de 6
2016-05-12,2,2016-05-12,4778.189941,4737.330078,-40.85986299999968,-0.8625082552248469,Menos de 6
2017-03-06,2,2017-03-06,5846.419922,5849.180176,2.7602539999998044,0.0471904423687529,Menos de 6
2017-03-14,2,2017-03-14,5860.069824,5856.819824,-3.25,-0.0554908653102523,Menos de 6
2017-05-01,2,2017-05-01,6067.560059,6091.600098,24.040038999999524,0.3946424357024417,Menos de 6
2016-12-14,2,2016-12-14,5465.689941,5436.669922,-29.020018999999596,-0.5337829851057784,Menos de 6
2017-04-06,2,2017-04-06,5870.52002,5878.950195,8.430175000000418,0.1433959247889225,Menos de 6
2019-01-17,2,2019-01-17,7010.129883,7084.459961,74.33007799999996,1.0491989284883751,Menos de 6
2016-06-07,2,2016-06-07,4972.129883,4961.75,-10.379882999999609,-0.2091980248904037,Menos de 6
2018-12-26,2,2018-12-26,6257.859863,6554.359863,296.5,4.523706451850034,Menos de 6
2017-02-27,2,2017-02-27,5835.040039,5861.899902,26.85986299999968,0.4582108778560934,Menos de 6
2017-11-09,2,2017-11-09,6737.450195,6750.049805,12.599609999999302,0.1866595116182154,Menos de 6
2019-05-07,2,2019-05-07,8043.52002,7963.759766,-79.7602539999998,-1.001540181316411,Menos de 6
2018-12-12,2,2018-12-12,7127.0,7098.310059,-28.689940999999635,-0.4041798788941805,Menos de 6
2016-08-16,2,2016-08-16,5247.959961,5227.109863,-20.85009799999989,-0.3988838678824587,Menos de 6
2017-05-24,2,2017-05-24,6154.180176,6163.02002,8.839844000000085,0.1434336408337691,Menos de 6
2019-11-29,2,2019-11-29,8682.009766,8665.469727,-16.540038999999524,-0.1908729650103539,Menos de 6
2017-09-11,2,2017-09-11,6411.180176,6432.259766,21.07959000000028,0.3277167086973688,Menos de 6
2018-03-20,2,2018-03-20,7353.25,7364.299805,11.049804999999653,0.1500455615956506,Menos de 6
2017-07-31,2,2017-07-31,6394.689941,6348.120117,-46.56982399999925,-0.7336002334815185,Menos de 6
2017-04-28,2,2017-04-28,6072.870117,6047.609863,-25.260254000000717,-0.4176898737226084,Menos de 6
2018-02-13,2,2018-02-13,6942.160156,7013.509766,71.34961000000021,1.0173167555264258,Menos de 6
2016-02-01,2,2016-02-01,4587.589844,4620.370117,32.78027300000031,0.7094728813908201,Menos de 6
2016-03-10,2,2016-03-10,4691.200195,4662.160156,-29.040039000000437,-0.6228880610767339,Menos de 6
2016-11-15,2,2016-11-15,5241.350098,5275.620117,34.2700190000005,0.6495922420488507,Menos de 6
2019-02-15,2,2019-02-15,7468.569824,7472.410156,3.840331999999762,0.0513934850981935,Menos de 6
2018-03-19,2,2018-03-19,7419.200195,7344.240234,-74.95996100000048,-1.02066324918097,Menos de 6
2018-11-08,2,2018-11-08,7544.169922,7530.879883,-13.290039000000434,-0.1764739207964397,Menos de 6
2019-02-12,2,2019-02-12,7358.850098,7414.620117,55.7700190000005,0.7521628636392688,Menos de 6
2017-05-18,2,2017-05-18,5998.459961,6055.129883,56.66992200000004,0.9358993629369196,Menos de 6
2016-04-06,2,2016-04-06,4849.580078,4920.720215,71.14013700000032,1.445726111050602,Menos de 6
2017-08-31,2,2017-08-31,6385.799805,6428.660156,42.86035100000026,0.6667073691863743,Menos de 6
2017-05-25,2,2017-05-25,6183.02002,6205.259766,22.2397460000002,0.3584015309376203,Menos de 6
2016-12-05,2,2016-12-05,5283.580078,5308.890137,25.310059000000365,0.4767485923960525,Menos de 6
2019-12-30,2,2019-12-30,9004.450195,8945.990234,-58.45996099999866,-0.6534766914658209,Menos de 6
2018-06-29,2,2018-06-29,7544.129883,7510.299805,-33.83007799999996,-0.4504491016121287,Menos de 6
2019-01-16,2,2019-01-16,7033.75,7034.689941,0.9399409999996352,0.0133615128439622,Menos de 6
2017-03-10,2,2017-03-10,5867.160156,5861.72998,-5.430175999999847,-0.0926377710765832,Menos de 6
2018-07-02,2,2018-07-02,7451.899902,7567.689941,115.79003899999952,1.530057915991983,Menos de 6
2017-04-10,2,2017-04-10,5883.430176,5880.930176,-2.5,-0.0425102819652997,Menos de 6
2019-02-06,2,2019-02-06,7400.439941,7375.279785,-25.160155999999915,-0.3411417157511932,Menos de 6
2017-02-21,2,2017-02-21,5850.200195,5865.950195,15.75,0.2684986997234469,Menos de 6
2019-02-04,1,2019-02-04,7266.279785,7347.540039,81.26025400000071,1.1059518365150716,Menos de 6
2020-01-08,1,2020-01-08,9068.030273,9129.240234,61.20996100000048,0.6704825311972448,Menos de 6
2017-10-06,1,2017-10-06,6566.950195,6590.180176,23.229980999999498,0.3524938678398813,Menos de 6
2017-05-22,1,2017-05-22,6098.25,6133.620117,35.37011700000039,0.5766597266428065,Menos de 6
2017-12-05,1,2017-12-05,6759.140137,6762.209961,3.069823999999244,0.0453967566476637,Menos de 6
2019-02-28,1,2019-02-28,7533.310059,7532.529785,-0.7802740000006452,-0.0103587243897057,Menos de 6
2018-01-29,1,2018-01-29,7484.470215,7466.509766,-17.960449000000153,-0.24054678240409,Menos de 6
2017-04-05,1,2017-04-05,5911.919922,5864.47998,-47.43994199999997,-0.8089368905987803,Menos de 6
2017-02-23,1,2017-02-23,5866.819824,5835.509766,-31.310058000000023,-0.5365436655153055,Menos de 6
2016-11-23,1,2016-11-23,5366.549805,5380.680176,14.130371000000196,0.2626130997903823,Menos de 6
2018-09-27,1,2018-09-27,8021.220215,8041.970215,20.75,0.2580213485657631,Menos de 6
2018-01-31,1,2018-01-31,7443.25,7411.47998,-31.77001999999993,-0.4286595941125369,Menos de 6
2017-05-15,1,2017-05-15,6128.109863,6149.669922,21.560059000000365,0.3505888815734778,Menos de 6
2017-05-17,1,2017-05-17,6108.620117,6011.240234,-97.37988300000052,-1.6199632556558463,Menos de 6
2017-12-11,1,2017-12-11,6847.640137,6875.080078,27.439940999999635,0.3991217656912306,Menos de 6
2017-03-22,1,2017-03-22,5790.589844,5821.640137,31.05029300000024,0.5333598825983262,Menos de 6
2017-08-28,1,2017-08-28,6286.009766,6283.02002,-2.989746000000196,-0.0475845372206882,Menos de 6
2016-03-21,1,2016-03-21,4787.310059,4808.870117,21.560058000000023,0.4483393702770705,Menos de 6
2017-01-23,1,2017-01-23,5546.640137,5552.939941,6.2998039999993125,0.1134498854108768,Menos de 6
2018-11-20,1,2018-11-20,6867.430176,6908.819824,41.38964800000031,0.5990842004045336,Menos de 6
2016-12-29,1,2016-12-29,5437.509766,5432.089844,-5.419922000000042,-0.0997760006857508,Menos de 6
2016-12-02,1,2016-12-02,5249.02002,5255.649902,6.62988200000018,0.1261477100572704,Menos de 6
2018-09-28,1,2018-09-28,8024.5,8046.350098,21.85009799999989,0.2715529119896355,Menos de 6
2017-02-28,1,2017-02-28,5852.790039,5825.439941,-27.3500980000008,-0.4694941202210018,Menos de 6
2016-11-10,1,2016-11-10,5283.47998,5208.799805,-74.68017500000042,-1.4337309513856509,Menos de 6
2016-11-17,1,2016-11-17,5295.069824,5333.970215,38.90039100000013,0.7292952422307466,Menos de 6
2017-03-02,1,2017-03-02,5897.009766,5861.220215,-35.78955099999985,-0.6106160438812287,Menos de 6
2017-03-27,1,2017-03-27,5776.330078,5840.370117,64.04003900000043,1.096506517859105,Menos de 6
